x,y,Current
409,2.0176817288801567,3.056655290102389,15
410,2.043222003929273,3.056655290102389,15
411,2.068762278978389,3.056655290102389,15
412,2.0943025540275046,3.056655290102389,15
413,2.119842829076621,3.056655290102389,15
423,2.0176817288801567,3.053924914675768,15
424,2.043222003929273,3.053924914675768,15
425,2.068762278978389,3.053924914675768,15
426,2.0943025540275046,3.053924914675768,15
427,2.119842829076621,3.053924914675768,15
428,2.1453831041257367,3.053924914675768,15
429,2.170923379174853,3.053924914675768,15
430,2.1964636542239684,3.053924914675768,15
431,2.222003929273084,3.053924914675768,15
432,2.2475442043222005,3.053924914675768,15
433,2.2730844793713163,3.053924914675768,15
438,2.0176817288801567,3.051194539249147,15
439,2.043222003929273,3.051194539249147,15
440,2.068762278978389,3.051194539249147,15
441,2.0943025540275046,3.051194539249147,15
442,2.119842829076621,3.051194539249147,15
443,2.1453831041257367,3.051194539249147,15
444,2.170923379174853,3.051194539249147,15
445,2.1964636542239684,3.051194539249147,15
446,2.222003929273084,3.051194539249147,15
447,2.2475442043222005,3.051194539249147,15
448,2.2730844793713163,3.051194539249147,15
449,2.298624754420432,3.051194539249147,15
450,2.324165029469548,3.051194539249147,15
451,2.349705304518664,3.051194539249147,15
452,2.37524557956778,3.051194539249147,15
453,2.400785854616896,3.051194539249147,15
454,2.426326129666012,3.051194539249147,15
455,2.451866404715128,3.051194539249147,15
456,2.477406679764244,3.051194539249147,15
457,2.5029469548133596,3.051194539249147,15
458,2.5284872298624754,3.051194539249147,15
459,2.5540275049115917,3.051194539249147,15
460,2.043222003929273,3.0484641638225254,15
461,2.068762278978389,3.0484641638225254,15
462,2.0943025540275046,3.0484641638225254,15
463,2.119842829076621,3.0484641638225254,15
464,2.1453831041257367,3.0484641638225254,15
465,2.170923379174853,3.0484641638225254,15
466,2.1964636542239684,3.0484641638225254,15
467,2.222003929273084,3.0484641638225254,15
468,2.2475442043222005,3.0484641638225254,15
469,2.2730844793713163,3.0484641638225254,15
470,2.298624754420432,3.0484641638225254,15
471,2.324165029469548,3.0484641638225254,15
472,2.349705304518664,3.0484641638225254,15
473,2.37524557956778,3.0484641638225254,15
474,2.400785854616896,3.0484641638225254,15
475,2.426326129666012,3.0484641638225254,15
476,2.451866404715128,3.0484641638225254,15
477,2.477406679764244,3.0484641638225254,15
478,2.5029469548133596,3.0484641638225254,15
479,2.5284872298624754,3.0484641638225254,15
480,2.5540275049115917,3.0484641638225254,15
481,2.579567779960707,3.0484641638225254,15
482,2.6051080550098233,3.0484641638225254,15
483,2.630648330058939,3.0484641638225254,15
484,2.656188605108055,3.0484641638225254,15
485,2.681728880157171,3.0484641638225254,15
486,2.7072691552062866,3.0484641638225254,15
487,2.732809430255403,3.0484641638225254,15
488,2.7583497053045183,3.0484641638225254,15
489,2.7838899803536346,3.0484641638225254,15
490,2.8094302554027504,3.0484641638225254,15
491,2.834970530451866,3.0484641638225254,15
492,2.8605108055009825,3.0484641638225254,15
493,2.1964636542239684,3.0457337883959044,15
494,2.222003929273084,3.0457337883959044,15
495,2.2475442043222005,3.0457337883959044,15
496,2.2730844793713163,3.0457337883959044,15
497,2.298624754420432,3.0457337883959044,15
498,2.324165029469548,3.0457337883959044,15
499,2.349705304518664,3.0457337883959044,15
500,2.37524557956778,3.0457337883959044,15
501,2.400785854616896,3.0457337883959044,15
502,2.426326129666012,3.0457337883959044,15
503,2.451866404715128,3.0457337883959044,15
504,2.477406679764244,3.0457337883959044,15
505,2.5029469548133596,3.0457337883959044,15
506,2.5284872298624754,3.0457337883959044,15
507,2.5540275049115917,3.0457337883959044,15
508,2.579567779960707,3.0457337883959044,15
509,2.6051080550098233,3.0457337883959044,15
510,2.630648330058939,3.0457337883959044,15
511,2.656188605108055,3.0457337883959044,15
512,2.681728880157171,3.0457337883959044,15
513,2.7072691552062866,3.0457337883959044,15
514,2.732809430255403,3.0457337883959044,15
515,2.7583497053045183,3.0457337883959044,15
516,2.7838899803536346,3.0457337883959044,15
517,2.8094302554027504,3.0457337883959044,15
518,2.834970530451866,3.0457337883959044,15
519,2.8605108055009825,3.0457337883959044,15
520,2.8860510805500983,3.0457337883959044,15
521,2.911591355599214,3.0457337883959044,15
522,2.93713163064833,3.0457337883959044,15
523,2.9626719056974458,3.0457337883959044,15
524,2.9882121807465616,3.0457337883959044,15
525,3.0137524557956774,3.0457337883959044,15
526,3.0392927308447937,3.0457337883959044,15
527,3.0648330058939095,3.0457337883959044,15
528,3.0903732809430253,3.0457337883959044,15
529,3.115913555992141,3.0457337883959044,15
530,2.37524557956778,3.043003412969284,15
531,2.400785854616896,3.043003412969284,15
532,2.426326129666012,3.043003412969284,15
533,2.451866404715128,3.043003412969284,15
534,2.477406679764244,3.043003412969284,15
535,2.5029469548133596,3.043003412969284,15
536,2.5284872298624754,3.043003412969284,15
537,2.5540275049115917,3.043003412969284,15
538,2.579567779960707,3.043003412969284,15
539,2.6051080550098233,3.043003412969284,15
540,2.630648330058939,3.043003412969284,15
541,2.656188605108055,3.043003412969284,15
542,2.681728880157171,3.043003412969284,15
543,2.7072691552062866,3.043003412969284,15
544,2.732809430255403,3.043003412969284,15
545,2.7583497053045183,3.043003412969284,15
546,2.7838899803536346,3.043003412969284,15
547,2.8094302554027504,3.043003412969284,15
548,2.834970530451866,3.043003412969284,15
549,2.8605108055009825,3.043003412969284,15
550,2.8860510805500983,3.043003412969284,15
551,2.911591355599214,3.043003412969284,15
552,2.93713163064833,3.043003412969284,15
553,2.9626719056974458,3.043003412969284,15
554,2.9882121807465616,3.043003412969284,15
555,3.0137524557956774,3.043003412969284,15
556,3.0392927308447937,3.043003412969284,15
557,3.0648330058939095,3.043003412969284,15
558,3.0903732809430253,3.043003412969284,15
559,3.115913555992141,3.043003412969284,15
560,3.1414538310412574,3.043003412969284,15
561,3.166994106090373,3.043003412969284,15
562,3.1925343811394886,3.043003412969284,15
563,3.218074656188605,3.043003412969284,15
564,3.2436149312377207,3.043003412969284,15
565,3.269155206286837,3.043003412969284,15
566,3.294695481335953,3.043003412969284,15
567,3.3202357563850686,3.043003412969284,15
568,3.345776031434185,3.043003412969284,15
569,3.3713163064833003,3.043003412969284,15
570,3.3968565815324165,3.043003412969284,15
571,3.4223968565815324,3.043003412969284,15
572,3.447937131630648,3.043003412969284,15
573,2.732809430255403,3.040273037542662,15
574,2.7583497053045183,3.040273037542662,15
575,2.7838899803536346,3.040273037542662,15
576,2.8094302554027504,3.040273037542662,15
577,2.834970530451866,3.040273037542662,15
578,2.8605108055009825,3.040273037542662,15
579,2.8860510805500983,3.040273037542662,15
580,2.911591355599214,3.040273037542662,15
581,2.93713163064833,3.040273037542662,15
582,2.9626719056974458,3.040273037542662,15
583,2.9882121807465616,3.040273037542662,15
584,3.0137524557956774,3.040273037542662,15
585,3.0392927308447937,3.040273037542662,15
586,3.0648330058939095,3.040273037542662,15
587,3.0903732809430253,3.040273037542662,15
588,3.115913555992141,3.040273037542662,15
589,3.1414538310412574,3.040273037542662,15
590,3.166994106090373,3.040273037542662,15
591,3.1925343811394886,3.040273037542662,15
592,3.218074656188605,3.040273037542662,15
593,3.2436149312377207,3.040273037542662,15
594,3.269155206286837,3.040273037542662,15
595,3.294695481335953,3.040273037542662,15
596,3.3202357563850686,3.040273037542662,15
597,3.345776031434185,3.040273037542662,15
598,3.3713163064833003,3.040273037542662,15
599,3.3968565815324165,3.040273037542662,15
600,3.4223968565815324,3.040273037542662,15
601,3.447937131630648,3.040273037542662,15
602,3.473477406679764,3.040273037542662,15
603,3.49901768172888,3.040273037542662,15
604,3.524557956777996,3.040273037542662,15
605,3.550098231827112,3.040273037542662,15
606,3.575638506876228,3.040273037542662,15
607,3.601178781925344,3.040273037542662,15
608,3.62671905697446,3.040273037542662,15
609,3.652259332023576,3.040273037542662,15
610,3.677799607072692,3.040273037542662,15
611,3.703339882121808,3.040273037542662,15
612,3.728880157170923,3.040273037542662,15
613,2.9882121807465616,3.037542662116041,15
614,3.0137524557956774,3.037542662116041,15
615,3.0392927308447937,3.037542662116041,15
616,3.0648330058939095,3.037542662116041,15
617,3.0903732809430253,3.037542662116041,15
618,3.115913555992141,3.037542662116041,15
619,3.1414538310412574,3.037542662116041,15
620,3.166994106090373,3.037542662116041,15
621,3.1925343811394886,3.037542662116041,15
622,3.218074656188605,3.037542662116041,15
623,3.2436149312377207,3.037542662116041,15
624,3.269155206286837,3.037542662116041,15
625,3.294695481335953,3.037542662116041,15
626,3.3202357563850686,3.037542662116041,15
627,3.345776031434185,3.037542662116041,15
628,3.3713163064833003,3.037542662116041,15
629,3.3968565815324165,3.037542662116041,15
630,3.4223968565815324,3.037542662116041,15
631,3.447937131630648,3.037542662116041,15
632,3.473477406679764,3.037542662116041,15
633,3.49901768172888,3.037542662116041,15
634,3.524557956777996,3.037542662116041,15
635,3.550098231827112,3.037542662116041,15
636,3.575638506876228,3.037542662116041,15
637,3.601178781925344,3.037542662116041,15
638,3.62671905697446,3.037542662116041,15
639,3.652259332023576,3.037542662116041,15
640,3.677799607072692,3.037542662116041,15
641,3.703339882121808,3.037542662116041,15
642,3.728880157170923,3.037542662116041,15
643,3.7544204322200394,3.037542662116041,15
644,3.7799607072691552,3.037542662116041,15
645,3.805500982318271,3.037542662116041,15
646,3.8310412573673873,3.037542662116041,15
647,3.856581532416503,3.037542662116041,15
648,3.8821218074656185,3.037542662116041,15
649,3.9076620825147352,3.037542662116041,15
650,3.9332023575638506,3.037542662116041,15
651,3.9587426326129673,3.037542662116041,15
652,3.9842829076620823,3.037542662116041,15
653,4.009823182711198,3.037542662116041,15
654,3.2436149312377207,3.03481228668942,15
655,3.269155206286837,3.03481228668942,15
656,3.294695481335953,3.03481228668942,15
657,3.3202357563850686,3.03481228668942,15
658,3.345776031434185,3.03481228668942,15
659,3.3713163064833003,3.03481228668942,15
660,3.3968565815324165,3.03481228668942,15
661,3.4223968565815324,3.03481228668942,15
662,3.447937131630648,3.03481228668942,15
663,3.473477406679764,3.03481228668942,15
664,3.49901768172888,3.03481228668942,15
665,3.524557956777996,3.03481228668942,15
666,3.550098231827112,3.03481228668942,15
667,3.575638506876228,3.03481228668942,15
668,3.601178781925344,3.03481228668942,15
669,3.62671905697446,3.03481228668942,15
670,3.652259332023576,3.03481228668942,15
671,3.677799607072692,3.03481228668942,15
672,3.703339882121808,3.03481228668942,15
673,3.728880157170923,3.03481228668942,15
674,3.7544204322200394,3.03481228668942,15
675,3.7799607072691552,3.03481228668942,15
676,3.805500982318271,3.03481228668942,15
677,3.8310412573673873,3.03481228668942,15
678,3.856581532416503,3.03481228668942,15
679,3.8821218074656185,3.03481228668942,15
680,3.9076620825147352,3.03481228668942,15
681,3.9332023575638506,3.03481228668942,15
682,3.9587426326129673,3.03481228668942,15
683,3.9842829076620823,3.03481228668942,15
684,4.009823182711198,3.03481228668942,15
685,4.0353634577603135,3.03481228668942,15
686,4.060903732809431,3.03481228668942,15
687,4.086444007858546,3.03481228668942,15
688,4.111984282907662,3.03481228668942,15
689,4.137524557956778,3.03481228668942,15
690,4.163064833005894,3.03481228668942,15
691,4.188605108055009,3.03481228668942,15
692,4.214145383104126,3.03481228668942,15
693,4.239685658153242,3.03481228668942,15
694,4.265225933202357,3.03481228668942,15
695,4.2907662082514735,3.03481228668942,15
696,4.316306483300589,3.03481228668942,15
697,3.601178781925344,3.0320819112627984,15
698,3.62671905697446,3.0320819112627984,15
699,3.652259332023576,3.0320819112627984,15
700,3.677799607072692,3.0320819112627984,15
701,3.703339882121808,3.0320819112627984,15
702,3.728880157170923,3.0320819112627984,15
703,3.7544204322200394,3.0320819112627984,15
704,3.7799607072691552,3.0320819112627984,15
705,3.805500982318271,3.0320819112627984,15
706,3.8310412573673873,3.0320819112627984,15
707,3.856581532416503,3.0320819112627984,15
708,3.8821218074656185,3.0320819112627984,15
709,3.9076620825147352,3.0320819112627984,15
710,3.9332023575638506,3.0320819112627984,15
711,3.9587426326129673,3.0320819112627984,15
712,3.9842829076620823,3.0320819112627984,15
713,4.009823182711198,3.0320819112627984,15
714,4.0353634577603135,3.0320819112627984,15
715,4.060903732809431,3.0320819112627984,15
716,4.086444007858546,3.0320819112627984,15
717,4.111984282907662,3.0320819112627984,15
718,4.137524557956778,3.0320819112627984,15
719,4.163064833005894,3.0320819112627984,15
720,4.188605108055009,3.0320819112627984,15
721,4.214145383104126,3.0320819112627984,15
722,4.239685658153242,3.0320819112627984,15
723,4.265225933202357,3.0320819112627984,15
724,4.2907662082514735,3.0320819112627984,15
725,4.316306483300589,3.0320819112627984,15
726,4.341846758349705,3.0320819112627984,15
727,4.3673870333988205,3.0320819112627984,15
728,4.392927308447937,3.0320819112627984,15
729,4.418467583497053,3.0320819112627984,15
730,4.444007858546168,3.0320819112627984,15
731,4.469548133595285,3.0320819112627984,15
732,4.495088408644401,3.0320819112627984,15
733,4.520628683693517,3.0320819112627984,15
734,4.546168958742633,3.0320819112627984,15
735,4.571709233791749,3.0320819112627984,15
736,4.597249508840864,3.0320819112627984,15
737,4.62278978388998,3.0320819112627984,15
738,4.648330058939096,3.0320819112627984,15
739,4.673870333988212,3.0320819112627984,15
740,4.699410609037328,3.0320819112627984,15
741,3.8310412573673873,3.0293515358361773,15
742,3.856581532416503,3.0293515358361773,15
743,3.8821218074656185,3.0293515358361773,15
744,3.9076620825147352,3.0293515358361773,15
745,3.9332023575638506,3.0293515358361773,15
746,3.9587426326129673,3.0293515358361773,15
747,3.9842829076620823,3.0293515358361773,15
748,4.009823182711198,3.0293515358361773,15
749,4.0353634577603135,3.0293515358361773,15
750,4.060903732809431,3.0293515358361773,15
751,4.086444007858546,3.0293515358361773,15
752,4.111984282907662,3.0293515358361773,15
753,4.137524557956778,3.0293515358361773,15
754,4.163064833005894,3.0293515358361773,15
755,4.188605108055009,3.0293515358361773,15
756,4.214145383104126,3.0293515358361773,15
757,4.239685658153242,3.0293515358361773,15
758,4.265225933202357,3.0293515358361773,15
759,4.2907662082514735,3.0293515358361773,15
760,4.316306483300589,3.0293515358361773,15
761,4.341846758349705,3.0293515358361773,15
762,4.3673870333988205,3.0293515358361773,15
763,4.392927308447937,3.0293515358361773,15
764,4.418467583497053,3.0293515358361773,15
765,4.444007858546168,3.0293515358361773,15
766,4.469548133595285,3.0293515358361773,15
767,4.495088408644401,3.0293515358361773,15
768,4.520628683693517,3.0293515358361773,15
769,4.546168958742633,3.0293515358361773,15
770,4.571709233791749,3.0293515358361773,15
771,4.597249508840864,3.0293515358361773,15
772,4.62278978388998,3.0293515358361773,15
773,4.648330058939096,3.0293515358361773,15
774,4.673870333988212,3.0293515358361773,15
775,4.699410609037328,3.0293515358361773,15
776,4.724950884086444,3.0293515358361773,15
777,4.75049115913556,3.0293515358361773,15
778,4.776031434184676,3.0293515358361773,15
779,4.801571709233792,3.0293515358361773,15
780,4.827111984282908,3.0293515358361773,15
781,4.852652259332024,3.0293515358361773,15
782,4.878192534381139,3.0293515358361773,15
783,4.903732809430256,3.0293515358361773,15
784,4.929273084479371,3.0293515358361773,15
785,4.954813359528488,3.0293515358361773,15
786,4.980353634577603,3.0293515358361773,15
787,5.005893909626719,3.0293515358361773,15
788,5.031434184675835,3.0293515358361773,15
789,4.137524557956778,3.0266211604095563,15
790,4.163064833005894,3.0266211604095563,15
791,4.188605108055009,3.0266211604095563,15
792,4.214145383104126,3.0266211604095563,15
793,4.239685658153242,3.0266211604095563,15
794,4.265225933202357,3.0266211604095563,15
795,4.2907662082514735,3.0266211604095563,15
796,4.316306483300589,3.0266211604095563,15
797,4.341846758349705,3.0266211604095563,15
798,4.3673870333988205,3.0266211604095563,15
799,4.392927308447937,3.0266211604095563,15
800,4.418467583497053,3.0266211604095563,15
801,4.444007858546168,3.0266211604095563,15
802,4.469548133595285,3.0266211604095563,15
803,4.495088408644401,3.0266211604095563,15
804,4.520628683693517,3.0266211604095563,15
805,4.546168958742633,3.0266211604095563,15
806,4.571709233791749,3.0266211604095563,15
807,4.597249508840864,3.0266211604095563,15
808,4.62278978388998,3.0266211604095563,15
809,4.648330058939096,3.0266211604095563,15
810,4.673870333988212,3.0266211604095563,15
811,4.699410609037328,3.0266211604095563,15
812,4.724950884086444,3.0266211604095563,15
813,4.75049115913556,3.0266211604095563,15
814,4.776031434184676,3.0266211604095563,15
815,4.801571709233792,3.0266211604095563,15
816,4.827111984282908,3.0266211604095563,15
817,4.852652259332024,3.0266211604095563,15
818,4.878192534381139,3.0266211604095563,15
819,4.903732809430256,3.0266211604095563,15
820,4.929273084479371,3.0266211604095563,15
821,4.954813359528488,3.0266211604095563,15
822,4.980353634577603,3.0266211604095563,15
823,5.005893909626719,3.0266211604095563,15
824,5.031434184675835,3.0266211604095563,15
825,5.056974459724951,3.0266211604095563,15
826,5.082514734774066,3.0266211604095563,15
827,5.108055009823183,3.0266211604095563,15
828,5.133595284872299,3.0266211604095563,15
829,5.159135559921415,3.0266211604095563,15
830,5.1846758349705295,3.0266211604095563,15
831,5.210216110019647,3.0266211604095563,15
832,5.235756385068761,3.0266211604095563,15
833,5.261296660117878,3.0266211604095563,15
834,5.286836935166994,3.0266211604095563,15
835,5.31237721021611,3.0266211604095563,15
836,4.546168958742633,3.0238907849829353,15
837,4.571709233791749,3.0238907849829353,15
838,4.597249508840864,3.0238907849829353,15
839,4.62278978388998,3.0238907849829353,15
840,4.648330058939096,3.0238907849829353,15
841,4.673870333988212,3.0238907849829353,15
842,4.699410609037328,3.0238907849829353,15
843,4.724950884086444,3.0238907849829353,15
844,4.75049115913556,3.0238907849829353,15
845,4.776031434184676,3.0238907849829353,15
846,4.801571709233792,3.0238907849829353,15
847,4.827111984282908,3.0238907849829353,15
848,4.852652259332024,3.0238907849829353,15
849,4.878192534381139,3.0238907849829353,15
850,4.903732809430256,3.0238907849829353,15
851,4.929273084479371,3.0238907849829353,15
852,4.954813359528488,3.0238907849829353,15
853,4.980353634577603,3.0238907849829353,15
854,5.005893909626719,3.0238907849829353,15
855,5.031434184675835,3.0238907849829353,15
856,5.056974459724951,3.0238907849829353,15
857,5.082514734774066,3.0238907849829353,15
858,5.108055009823183,3.0238907849829353,15
859,5.133595284872299,3.0238907849829353,15
860,5.159135559921415,3.0238907849829353,15
861,5.1846758349705295,3.0238907849829353,15
862,5.210216110019647,3.0238907849829353,15
863,5.235756385068761,3.0238907849829353,15
864,5.261296660117878,3.0238907849829353,15
865,5.286836935166994,3.0238907849829353,15
866,5.31237721021611,3.0238907849829353,15
867,5.337917485265225,3.0238907849829353,15
868,5.363457760314342,3.0238907849829353,15
869,5.388998035363458,3.0238907849829353,15
870,5.414538310412573,3.0238907849829353,15
871,5.4400785854616895,3.0238907849829353,15
872,5.465618860510806,3.0238907849829353,15
873,5.491159135559921,3.0238907849829353,15
874,5.516699410609037,3.0238907849829353,15
875,5.542239685658153,3.0238907849829353,15
876,5.567779960707269,3.0238907849829353,15
877,5.5933202357563845,3.0238907849829353,15
878,5.618860510805501,3.0238907849829353,15
879,5.644400785854617,3.0238907849829353,15
880,5.669941060903732,3.0238907849829353,15
881,4.852652259332024,3.021160409556314,15
882,4.878192534381139,3.021160409556314,15
883,4.903732809430256,3.021160409556314,15
884,4.929273084479371,3.021160409556314,15
885,4.954813359528488,3.021160409556314,15
886,4.980353634577603,3.021160409556314,15
887,5.005893909626719,3.021160409556314,15
888,5.031434184675835,3.021160409556314,15
889,5.056974459724951,3.021160409556314,15
890,5.082514734774066,3.021160409556314,15
891,5.108055009823183,3.021160409556314,15
892,5.133595284872299,3.021160409556314,15
893,5.159135559921415,3.021160409556314,15
894,5.1846758349705295,3.021160409556314,15
895,5.210216110019647,3.021160409556314,15
896,5.235756385068761,3.021160409556314,15
897,5.261296660117878,3.021160409556314,15
898,5.286836935166994,3.021160409556314,15
899,5.31237721021611,3.021160409556314,15
900,5.337917485265225,3.021160409556314,15
901,5.363457760314342,3.021160409556314,15
902,5.388998035363458,3.021160409556314,15
903,5.414538310412573,3.021160409556314,15
904,5.4400785854616895,3.021160409556314,15
905,5.465618860510806,3.021160409556314,15
906,5.491159135559921,3.021160409556314,15
907,5.516699410609037,3.021160409556314,15
908,5.542239685658153,3.021160409556314,15
909,5.567779960707269,3.021160409556314,15
910,5.5933202357563845,3.021160409556314,15
911,5.618860510805501,3.021160409556314,15
912,5.644400785854617,3.021160409556314,15
913,5.669941060903732,3.021160409556314,15
914,5.695481335952849,3.021160409556314,15
915,5.721021611001965,3.021160409556314,15
916,5.746561886051081,3.021160409556314,15
917,5.772102161100197,3.021160409556314,15
918,5.797642436149312,3.021160409556314,15
919,5.823182711198428,3.021160409556314,15
920,5.848722986247544,3.021160409556314,15
921,5.87426326129666,3.021160409556314,15
922,5.899803536345776,3.021160409556314,15
923,5.925343811394892,3.021160409556314,15
924,5.950884086444008,3.021160409556314,15
925,5.976424361493124,3.021160409556314,15
926,6.00196463654224,3.021160409556314,15
927,6.027504911591356,3.021160409556314,15
928,6.053045186640472,3.021160409556314,15
929,6.078585461689587,3.021160409556314,15
930,6.104125736738704,3.021160409556314,15
931,6.129666011787819,3.021160409556314,15
932,6.155206286836935,3.021160409556314,15
933,6.1807465618860515,3.021160409556314,15
934,5.159135559921415,3.018430034129693,15
935,5.1846758349705295,3.018430034129693,15
936,5.210216110019647,3.018430034129693,15
937,5.235756385068761,3.018430034129693,15
938,5.261296660117878,3.018430034129693,15
939,5.286836935166994,3.018430034129693,15
940,5.31237721021611,3.018430034129693,15
941,5.337917485265225,3.018430034129693,15
942,5.363457760314342,3.018430034129693,15
943,5.388998035363458,3.018430034129693,15
944,5.414538310412573,3.018430034129693,15
945,5.4400785854616895,3.018430034129693,15
946,5.465618860510806,3.018430034129693,15
947,5.491159135559921,3.018430034129693,15
948,5.516699410609037,3.018430034129693,15
949,5.542239685658153,3.018430034129693,15
950,5.567779960707269,3.018430034129693,15
951,5.5933202357563845,3.018430034129693,15
952,5.618860510805501,3.018430034129693,15
953,5.644400785854617,3.018430034129693,15
954,5.669941060903732,3.018430034129693,15
955,5.695481335952849,3.018430034129693,15
956,5.721021611001965,3.018430034129693,15
957,5.746561886051081,3.018430034129693,15
958,5.772102161100197,3.018430034129693,15
959,5.797642436149312,3.018430034129693,15
960,5.823182711198428,3.018430034129693,15
961,5.848722986247544,3.018430034129693,15
962,5.87426326129666,3.018430034129693,15
963,5.899803536345776,3.018430034129693,15
964,5.925343811394892,3.018430034129693,15
965,5.950884086444008,3.018430034129693,15
966,5.976424361493124,3.018430034129693,15
967,6.00196463654224,3.018430034129693,15
968,6.027504911591356,3.018430034129693,15
969,6.053045186640472,3.018430034129693,15
970,6.078585461689587,3.018430034129693,15
971,6.104125736738704,3.018430034129693,15
972,6.129666011787819,3.018430034129693,15
973,6.155206286836935,3.018430034129693,15
974,6.1807465618860515,3.018430034129693,15
975,6.206286836935167,3.018430034129693,15
976,6.231827111984282,3.018430034129693,15
977,6.2573673870333995,3.018430034129693,15
978,6.282907662082515,3.018430034129693,15
979,6.308447937131631,3.018430034129693,15
980,6.3339882121807465,3.018430034129693,15
981,6.359528487229863,3.018430034129693,15
982,6.385068762278977,3.018430034129693,15
983,6.410609037328094,3.018430034129693,15
984,6.43614931237721,3.018430034129693,15
985,6.461689587426326,3.018430034129693,15
986,6.487229862475441,3.018430034129693,15
987,6.512770137524558,3.018430034129693,15
988,6.538310412573674,3.018430034129693,15
989,6.563850687622789,3.018430034129693,15
990,6.589390962671906,3.018430034129693,15
991,6.614931237721022,3.018430034129693,15
992,5.465618860510806,3.015699658703072,15
993,5.491159135559921,3.015699658703072,15
994,5.516699410609037,3.015699658703072,15
995,5.542239685658153,3.015699658703072,15
996,5.567779960707269,3.015699658703072,15
997,5.5933202357563845,3.015699658703072,15
998,5.618860510805501,3.015699658703072,15
999,5.644400785854617,3.015699658703072,15
1000,5.669941060903732,3.015699658703072,15
1001,5.695481335952849,3.015699658703072,15
1002,5.721021611001965,3.015699658703072,15
1003,5.746561886051081,3.015699658703072,15
1004,5.772102161100197,3.015699658703072,15
1005,5.797642436149312,3.015699658703072,15
1006,5.823182711198428,3.015699658703072,15
1007,5.848722986247544,3.015699658703072,15
1008,5.87426326129666,3.015699658703072,15
1009,5.899803536345776,3.015699658703072,15
1010,5.925343811394892,3.015699658703072,15
1011,5.950884086444008,3.015699658703072,15
1012,5.976424361493124,3.015699658703072,15
1013,6.00196463654224,3.015699658703072,15
1014,6.027504911591356,3.015699658703072,15
1015,6.053045186640472,3.015699658703072,15
1016,6.078585461689587,3.015699658703072,15
1017,6.104125736738704,3.015699658703072,15
1018,6.129666011787819,3.015699658703072,15
1019,6.155206286836935,3.015699658703072,15
1020,6.1807465618860515,3.015699658703072,15
1021,6.206286836935167,3.015699658703072,15
1022,6.231827111984282,3.015699658703072,15
1023,6.2573673870333995,3.015699658703072,15
1024,6.282907662082515,3.015699658703072,15
1025,6.308447937131631,3.015699658703072,15
1026,6.3339882121807465,3.015699658703072,15
1027,6.359528487229863,3.015699658703072,15
1028,6.385068762278977,3.015699658703072,15
1029,6.410609037328094,3.015699658703072,15
1030,6.43614931237721,3.015699658703072,15
1031,6.461689587426326,3.015699658703072,15
1032,6.487229862475441,3.015699658703072,15
1033,6.512770137524558,3.015699658703072,15
1034,6.538310412573674,3.015699658703072,15
1035,6.563850687622789,3.015699658703072,15
1036,6.589390962671906,3.015699658703072,15
1037,6.614931237721022,3.015699658703072,15
1038,6.640471512770137,3.015699658703072,15
1039,6.666011787819253,3.015699658703072,15
1040,6.691552062868369,3.015699658703072,15
1041,6.717092337917485,3.015699658703072,15
1042,6.7426326129666005,3.015699658703072,15
1043,6.768172888015717,3.015699658703072,15
1044,6.793713163064833,3.015699658703072,15
1045,6.8192534381139485,3.015699658703072,15
1046,6.844793713163065,3.015699658703072,15
1047,6.870333988212181,3.015699658703072,15
1048,6.895874263261296,3.015699658703072,15
1049,6.921414538310413,3.015699658703072,15
1050,5.87426326129666,3.0129692832764503,15
1051,5.899803536345776,3.0129692832764503,15
1052,5.925343811394892,3.0129692832764503,15
1053,5.950884086444008,3.0129692832764503,15
1054,5.976424361493124,3.0129692832764503,15
1055,6.00196463654224,3.0129692832764503,15
1056,6.027504911591356,3.0129692832764503,15
1057,6.053045186640472,3.0129692832764503,15
1058,6.078585461689587,3.0129692832764503,15
1059,6.104125736738704,3.0129692832764503,15
1060,6.129666011787819,3.0129692832764503,15
1061,6.155206286836935,3.0129692832764503,15
1062,6.1807465618860515,3.0129692832764503,15
1063,6.206286836935167,3.0129692832764503,15
1064,6.231827111984282,3.0129692832764503,15
1065,6.2573673870333995,3.0129692832764503,15
1066,6.282907662082515,3.0129692832764503,15
1067,6.308447937131631,3.0129692832764503,15
1068,6.3339882121807465,3.0129692832764503,15
1069,6.359528487229863,3.0129692832764503,15
1070,6.385068762278977,3.0129692832764503,15
1071,6.410609037328094,3.0129692832764503,15
1072,6.43614931237721,3.0129692832764503,15
1073,6.461689587426326,3.0129692832764503,15
1074,6.487229862475441,3.0129692832764503,15
1075,6.512770137524558,3.0129692832764503,15
1076,6.538310412573674,3.0129692832764503,15
1077,6.563850687622789,3.0129692832764503,15
1078,6.589390962671906,3.0129692832764503,15
1079,6.614931237721022,3.0129692832764503,15
1080,6.640471512770137,3.0129692832764503,15
1081,6.666011787819253,3.0129692832764503,15
1082,6.691552062868369,3.0129692832764503,15
1083,6.717092337917485,3.0129692832764503,15
1084,6.7426326129666005,3.0129692832764503,15
1085,6.768172888015717,3.0129692832764503,15
1086,6.793713163064833,3.0129692832764503,15
1087,6.8192534381139485,3.0129692832764503,15
1088,6.844793713163065,3.0129692832764503,15
1089,6.870333988212181,3.0129692832764503,15
1090,6.895874263261296,3.0129692832764503,15
1091,6.921414538310413,3.0129692832764503,15
1092,6.946954813359528,3.0129692832764503,15
1093,6.972495088408645,3.0129692832764503,15
1094,6.99803536345776,3.0129692832764503,15
1095,7.023575638506876,3.0129692832764503,15
1096,7.049115913555992,3.0129692832764503,15
1097,7.074656188605108,3.0129692832764503,15
1098,7.100196463654224,3.0129692832764503,15
1099,7.12573673870334,3.0129692832764503,15
1100,7.151277013752456,3.0129692832764503,15
1101,7.176817288801572,3.0129692832764503,15
1102,6.461689587426326,3.0102389078498293,15
1103,6.487229862475441,3.0102389078498293,15
1104,6.512770137524558,3.0102389078498293,15
1105,6.538310412573674,3.0102389078498293,15
1106,6.563850687622789,3.0102389078498293,15
1107,6.589390962671906,3.0102389078498293,15
1108,6.614931237721022,3.0102389078498293,15
1109,6.640471512770137,3.0102389078498293,15
1110,6.666011787819253,3.0102389078498293,15
1111,6.691552062868369,3.0102389078498293,15
1112,6.717092337917485,3.0102389078498293,15
1113,6.7426326129666005,3.0102389078498293,15
1114,6.768172888015717,3.0102389078498293,15
1115,6.793713163064833,3.0102389078498293,15
1116,6.8192534381139485,3.0102389078498293,15
1117,6.844793713163065,3.0102389078498293,15
1118,6.870333988212181,3.0102389078498293,15
1119,6.895874263261296,3.0102389078498293,15
1120,6.921414538310413,3.0102389078498293,15
1121,6.946954813359528,3.0102389078498293,15
1122,6.972495088408645,3.0102389078498293,15
1123,6.99803536345776,3.0102389078498293,15
1124,7.023575638506876,3.0102389078498293,15
1125,7.049115913555992,3.0102389078498293,15
1126,7.074656188605108,3.0102389078498293,15
1127,7.100196463654224,3.0102389078498293,15
1128,7.12573673870334,3.0102389078498293,15
1129,7.151277013752456,3.0102389078498293,15
1130,7.176817288801572,3.0102389078498293,15
1131,7.202357563850688,3.0102389078498293,15
1132,7.227897838899803,3.0102389078498293,15
1133,7.253438113948919,3.0102389078498293,15
1134,7.278978388998035,3.0102389078498293,15
1135,7.3045186640471504,3.0102389078498293,15
1136,7.330058939096268,3.0102389078498293,15
1137,7.355599214145382,3.0102389078498293,15
1138,7.381139489194499,3.0102389078498293,15
1139,7.406679764243616,3.0102389078498293,15
1140,7.43222003929273,3.0102389078498293,15
1141,7.457760314341846,3.0102389078498293,15
1142,7.483300589390962,3.0102389078498293,15
1143,6.768172888015717,3.007508532423208,15
1144,6.793713163064833,3.007508532423208,15
1145,6.8192534381139485,3.007508532423208,15
1146,6.844793713163065,3.007508532423208,15
1147,6.870333988212181,3.007508532423208,15
1148,6.895874263261296,3.007508532423208,15
1149,6.921414538310413,3.007508532423208,15
1150,6.946954813359528,3.007508532423208,15
1151,6.972495088408645,3.007508532423208,15
1152,6.99803536345776,3.007508532423208,15
1153,7.023575638506876,3.007508532423208,15
1154,7.049115913555992,3.007508532423208,15
1155,7.074656188605108,3.007508532423208,15
1156,7.100196463654224,3.007508532423208,15
1157,7.12573673870334,3.007508532423208,15
1158,7.151277013752456,3.007508532423208,15
1159,7.176817288801572,3.007508532423208,15
1160,7.202357563850688,3.007508532423208,15
1161,7.227897838899803,3.007508532423208,15
1162,7.253438113948919,3.007508532423208,15
1163,7.278978388998035,3.007508532423208,15
1164,7.3045186640471504,3.007508532423208,15
1165,7.330058939096268,3.007508532423208,15
1166,7.355599214145382,3.007508532423208,15
1167,7.381139489194499,3.007508532423208,15
1168,7.406679764243616,3.007508532423208,15
1169,7.43222003929273,3.007508532423208,15
1170,7.457760314341846,3.007508532423208,15
1171,7.483300589390962,3.007508532423208,15
1172,7.508840864440079,3.007508532423208,15
1173,7.534381139489193,3.007508532423208,15
1174,7.5599214145383105,3.007508532423208,15
1175,7.585461689587426,3.007508532423208,15
1176,7.611001964636542,3.007508532423208,15
1177,7.6365422396856575,3.007508532423208,15
1178,7.662082514734775,3.007508532423208,15
1179,7.687622789783891,3.007508532423208,15
1180,7.7131630648330045,3.007508532423208,15
1181,7.738703339882122,3.007508532423208,15
1182,7.049115913555992,3.0047781569965872,15
1183,7.074656188605108,3.0047781569965872,15
1184,7.100196463654224,3.0047781569965872,15
1185,7.12573673870334,3.0047781569965872,15
1186,7.151277013752456,3.0047781569965872,15
1187,7.176817288801572,3.0047781569965872,15
1188,7.202357563850688,3.0047781569965872,15
1189,7.227897838899803,3.0047781569965872,15
1190,7.253438113948919,3.0047781569965872,15
1191,7.278978388998035,3.0047781569965872,15
1192,7.3045186640471504,3.0047781569965872,15
1193,7.330058939096268,3.0047781569965872,15
1194,7.355599214145382,3.0047781569965872,15
1195,7.381139489194499,3.0047781569965872,15
1196,7.406679764243616,3.0047781569965872,15
1197,7.43222003929273,3.0047781569965872,15
1198,7.457760314341846,3.0047781569965872,15
1199,7.483300589390962,3.0047781569965872,15
1200,7.508840864440079,3.0047781569965872,15
1201,7.534381139489193,3.0047781569965872,15
1202,7.5599214145383105,3.0047781569965872,15
1203,7.585461689587426,3.0047781569965872,15
1204,7.611001964636542,3.0047781569965872,15
1205,7.6365422396856575,3.0047781569965872,15
1206,7.662082514734775,3.0047781569965872,15
1207,7.687622789783891,3.0047781569965872,15
1208,7.7131630648330045,3.0047781569965872,15
1209,7.738703339882122,3.0047781569965872,15
1210,7.764243614931237,3.0047781569965872,15
1211,7.789783889980353,3.0047781569965872,15
1212,7.815324165029469,3.0047781569965872,15
1213,7.840864440078586,3.0047781569965872,15
1214,7.866404715127701,3.0047781569965872,15
1215,7.8919449901768175,3.0047781569965872,15
1216,7.917485265225933,3.0047781569965872,15
1217,7.94302554027505,3.0047781569965872,15
1218,7.9685658153241645,3.0047781569965872,15
1219,7.994106090373282,3.0047781569965872,15
1220,7.3045186640471504,3.0020477815699658,15
1221,7.330058939096268,3.0020477815699658,15
1222,7.355599214145382,3.0020477815699658,15
1223,7.381139489194499,3.0020477815699658,15
1224,7.406679764243616,3.0020477815699658,15
1225,7.43222003929273,3.0020477815699658,15
1226,7.457760314341846,3.0020477815699658,15
1227,7.483300589390962,3.0020477815699658,15
1228,7.508840864440079,3.0020477815699658,15
1229,7.534381139489193,3.0020477815699658,15
1230,7.5599214145383105,3.0020477815699658,15
1231,7.585461689587426,3.0020477815699658,15
1232,7.611001964636542,3.0020477815699658,15
1233,7.6365422396856575,3.0020477815699658,15
1234,7.662082514734775,3.0020477815699658,15
1235,7.687622789783891,3.0020477815699658,15
1236,7.7131630648330045,3.0020477815699658,15
1237,7.738703339882122,3.0020477815699658,15
1238,7.764243614931237,3.0020477815699658,15
1239,7.789783889980353,3.0020477815699658,15
1240,7.815324165029469,3.0020477815699658,15
1241,7.840864440078586,3.0020477815699658,15
1242,7.866404715127701,3.0020477815699658,15
1243,7.8919449901768175,3.0020477815699658,15
1244,7.917485265225933,3.0020477815699658,15
1245,7.94302554027505,3.0020477815699658,15
1246,7.9685658153241645,3.0020477815699658,15
1247,7.994106090373282,3.0020477815699658,15
1248,8.019646365422396,3.0020477815699658,15
1249,8.045186640471512,3.0020477815699658,15
1250,8.070726915520627,3.0020477815699658,15
1251,8.096267190569744,3.0020477815699658,15
1252,8.121807465618861,3.0020477815699658,15
1253,8.147347740667977,3.0020477815699658,15
1254,8.172888015717092,3.0020477815699658,15
1255,8.198428290766207,3.0020477815699658,15
1256,8.223968565815325,3.0020477815699658,15
1257,8.24950884086444,3.0020477815699658,15
1258,8.275049115913557,3.0020477815699658,15
1259,8.300589390962672,3.0020477815699658,15
1260,7.611001964636542,2.9993174061433447,15
1261,7.6365422396856575,2.9993174061433447,15
1262,7.662082514734775,2.9993174061433447,15
1263,7.687622789783891,2.9993174061433447,15
1264,7.7131630648330045,2.9993174061433447,15
1265,7.738703339882122,2.9993174061433447,15
1266,7.764243614931237,2.9993174061433447,15
1267,7.789783889980353,2.9993174061433447,15
1268,7.815324165029469,2.9993174061433447,15
1269,7.840864440078586,2.9993174061433447,15
1270,7.866404715127701,2.9993174061433447,15
1271,7.8919449901768175,2.9993174061433447,15
1272,7.917485265225933,2.9993174061433447,15
1273,7.94302554027505,2.9993174061433447,15
1274,7.9685658153241645,2.9993174061433447,15
1275,7.994106090373282,2.9993174061433447,15
1276,8.019646365422396,2.9993174061433447,15
1277,8.045186640471512,2.9993174061433447,15
1278,8.070726915520627,2.9993174061433447,15
1279,8.096267190569744,2.9993174061433447,15
1280,8.121807465618861,2.9993174061433447,15
1281,8.147347740667977,2.9993174061433447,15
1282,8.172888015717092,2.9993174061433447,15
1283,8.198428290766207,2.9993174061433447,15
1284,8.223968565815325,2.9993174061433447,15
1285,8.24950884086444,2.9993174061433447,15
1286,8.275049115913557,2.9993174061433447,15
1287,8.300589390962672,2.9993174061433447,15
1288,8.32612966601179,2.9993174061433447,15
1289,8.351669941060903,2.9993174061433447,15
1290,8.377210216110019,2.9993174061433447,15
1291,8.402750491159134,2.9993174061433447,15
1292,8.428290766208251,2.9993174061433447,15
1293,8.453831041257367,2.9993174061433447,15
1294,8.479371316306484,2.9993174061433447,15
1295,7.866404715127701,2.996587030716724,15
1296,7.8919449901768175,2.996587030716724,15
1297,7.917485265225933,2.996587030716724,15
1298,7.94302554027505,2.996587030716724,15
1299,7.9685658153241645,2.996587030716724,15
1300,7.994106090373282,2.996587030716724,15
1301,8.019646365422396,2.996587030716724,15
1302,8.045186640471512,2.996587030716724,15
1303,8.070726915520627,2.996587030716724,15
1304,8.096267190569744,2.996587030716724,15
1305,8.121807465618861,2.996587030716724,15
1306,8.147347740667977,2.996587030716724,15
1307,8.172888015717092,2.996587030716724,15
1308,8.198428290766207,2.996587030716724,15
1309,8.223968565815325,2.996587030716724,15
1310,8.24950884086444,2.996587030716724,15
1311,8.275049115913557,2.996587030716724,15
1312,8.300589390962672,2.996587030716724,15
1313,8.32612966601179,2.996587030716724,15
1314,8.351669941060903,2.996587030716724,15
1315,8.377210216110019,2.996587030716724,15
1316,8.402750491159134,2.996587030716724,15
1317,8.428290766208251,2.996587030716724,15
1318,8.453831041257367,2.996587030716724,15
1319,8.479371316306484,2.996587030716724,15
1320,8.504911591355599,2.996587030716724,15
1321,8.530451866404714,2.996587030716724,15
1322,8.55599214145383,2.996587030716724,15
1323,8.581532416502947,2.996587030716724,15
1324,8.607072691552064,2.996587030716724,15
1325,8.632612966601178,2.996587030716724,15
1326,8.658153241650295,2.996587030716724,15
1327,8.68369351669941,2.996587030716724,15
1328,8.709233791748526,2.996587030716724,15
1329,8.198428290766207,2.9938566552901023,15
1330,8.223968565815325,2.9938566552901023,15
1331,8.24950884086444,2.9938566552901023,15
1332,8.275049115913557,2.9938566552901023,15
1333,8.300589390962672,2.9938566552901023,15
1334,8.32612966601179,2.9938566552901023,15
1335,8.351669941060903,2.9938566552901023,15
1336,8.377210216110019,2.9938566552901023,15
1337,8.402750491159134,2.9938566552901023,15
1338,8.428290766208251,2.9938566552901023,15
1339,8.453831041257367,2.9938566552901023,15
1340,8.479371316306484,2.9938566552901023,15
1341,8.504911591355599,2.9938566552901023,15
1342,8.530451866404714,2.9938566552901023,15
1343,8.55599214145383,2.9938566552901023,15
1344,8.581532416502947,2.9938566552901023,15
1345,8.607072691552064,2.9938566552901023,15
1346,8.632612966601178,2.9938566552901023,15
1347,8.658153241650295,2.9938566552901023,15
1348,8.68369351669941,2.9938566552901023,15
1349,8.709233791748526,2.9938566552901023,15
1350,8.734774066797641,2.9938566552901023,15
1351,8.760314341846758,2.9938566552901023,15
1352,8.785854616895874,2.9938566552901023,15
1353,8.81139489194499,2.9938566552901023,15
1354,8.836935166994106,2.9938566552901023,15
1355,8.862475442043223,2.9938566552901023,15
1356,8.888015717092339,2.9938566552901023,15
1357,8.913555992141452,2.9938566552901023,15
1358,8.93909626719057,2.9938566552901023,15
1359,8.377210216110019,2.991126279863481,15
1360,8.402750491159134,2.991126279863481,15
1361,8.428290766208251,2.991126279863481,15
1362,8.453831041257367,2.991126279863481,15
1363,8.479371316306484,2.991126279863481,15
1364,8.504911591355599,2.991126279863481,15
1365,8.530451866404714,2.991126279863481,15
1366,8.55599214145383,2.991126279863481,15
1367,8.581532416502947,2.991126279863481,15
1368,8.607072691552064,2.991126279863481,15
1369,8.632612966601178,2.991126279863481,15
1370,8.658153241650295,2.991126279863481,15
1371,8.68369351669941,2.991126279863481,15
1372,8.709233791748526,2.991126279863481,15
1373,8.734774066797641,2.991126279863481,15
1374,8.760314341846758,2.991126279863481,15
1375,8.785854616895874,2.991126279863481,15
1376,8.81139489194499,2.991126279863481,15
1377,8.836935166994106,2.991126279863481,15
1378,8.862475442043223,2.991126279863481,15
1379,8.888015717092339,2.991126279863481,15
1380,8.913555992141452,2.991126279863481,15
1381,8.93909626719057,2.991126279863481,15
1382,8.964636542239685,2.991126279863481,15
1383,8.990176817288802,2.991126279863481,15
1384,9.015717092337917,2.991126279863481,15
1385,9.041257367387033,2.991126279863481,15
1386,9.066797642436148,2.991126279863481,15
1387,9.092337917485263,2.991126279863481,15
1388,9.11787819253438,2.991126279863481,15
1389,9.143418467583496,2.991126279863481,15
1390,9.168958742632613,2.991126279863481,15
1391,9.194499017681729,2.991126279863481,15
1392,9.220039292730846,2.991126279863481,15
1393,9.24557956777996,2.991126279863481,15
1394,9.271119842829075,2.991126279863481,15
1395,9.296660117878192,2.991126279863481,15
1396,9.322200392927309,2.991126279863481,15
1397,8.581532416502947,2.98839590443686,15
1398,8.607072691552064,2.98839590443686,15
1399,8.632612966601178,2.98839590443686,15
1400,8.658153241650295,2.98839590443686,15
1401,8.68369351669941,2.98839590443686,15
1402,8.709233791748526,2.98839590443686,15
1403,8.734774066797641,2.98839590443686,15
1404,8.760314341846758,2.98839590443686,15
1405,8.785854616895874,2.98839590443686,15
1406,8.81139489194499,2.98839590443686,15
1407,8.836935166994106,2.98839590443686,15
1408,8.862475442043223,2.98839590443686,15
1409,8.888015717092339,2.98839590443686,15
1410,8.913555992141452,2.98839590443686,15
1411,8.93909626719057,2.98839590443686,15
1412,8.964636542239685,2.98839590443686,15
1413,8.990176817288802,2.98839590443686,15
1414,9.015717092337917,2.98839590443686,15
1415,9.041257367387033,2.98839590443686,15
1416,9.066797642436148,2.98839590443686,15
1417,9.092337917485263,2.98839590443686,15
1418,9.11787819253438,2.98839590443686,15
1419,9.143418467583496,2.98839590443686,15
1420,9.168958742632613,2.98839590443686,15
1421,9.194499017681729,2.98839590443686,15
1422,9.220039292730846,2.98839590443686,15
1423,9.24557956777996,2.98839590443686,15
1424,9.271119842829075,2.98839590443686,15
1425,9.296660117878192,2.98839590443686,15
1426,9.322200392927309,2.98839590443686,15
1427,9.347740667976424,2.98839590443686,15
1428,9.37328094302554,2.98839590443686,15
1429,9.398821218074657,2.98839590443686,15
1430,9.424361493123772,2.98839590443686,15
1431,9.449901768172888,2.98839590443686,15
1432,9.475442043222005,2.98839590443686,15
1433,9.50098231827112,2.98839590443686,15
1434,9.526522593320237,2.98839590443686,15
1435,9.552062868369353,2.98839590443686,15
1436,8.81139489194499,2.9856655290102387,15
1437,8.836935166994106,2.9856655290102387,15
1438,8.862475442043223,2.9856655290102387,15
1439,8.888015717092339,2.9856655290102387,15
1440,8.913555992141452,2.9856655290102387,15
1441,8.93909626719057,2.9856655290102387,15
1442,8.964636542239685,2.9856655290102387,15
1443,8.990176817288802,2.9856655290102387,15
1444,9.015717092337917,2.9856655290102387,15
1445,9.041257367387033,2.9856655290102387,15
1446,9.066797642436148,2.9856655290102387,15
1447,9.092337917485263,2.9856655290102387,15
1448,9.11787819253438,2.9856655290102387,15
1449,9.143418467583496,2.9856655290102387,15
1450,9.168958742632613,2.9856655290102387,15
1451,9.194499017681729,2.9856655290102387,15
1452,9.220039292730846,2.9856655290102387,15
1453,9.24557956777996,2.9856655290102387,15
1454,9.271119842829075,2.9856655290102387,15
1455,9.296660117878192,2.9856655290102387,15
1456,9.322200392927309,2.9856655290102387,15
1457,9.347740667976424,2.9856655290102387,15
1458,9.37328094302554,2.9856655290102387,15
1459,9.398821218074657,2.9856655290102387,15
1460,9.424361493123772,2.9856655290102387,15
1461,9.449901768172888,2.9856655290102387,15
1462,9.475442043222005,2.9856655290102387,15
1463,9.50098231827112,2.9856655290102387,15
1464,9.526522593320237,2.9856655290102387,15
1465,9.552062868369353,2.9856655290102387,15
1466,9.577603143418468,2.9856655290102387,15
1467,9.603143418467583,2.9856655290102387,15
1468,9.6286836935167,2.9856655290102387,15
1469,9.654223968565816,2.9856655290102387,15
1470,9.679764243614931,2.9856655290102387,15
1471,9.705304518664049,2.9856655290102387,15
1472,9.730844793713166,2.9856655290102387,15
1473,9.75638506876228,2.9856655290102387,15
1474,9.143418467583496,2.9829351535836177,15
1475,9.168958742632613,2.9829351535836177,15
1476,9.194499017681729,2.9829351535836177,15
1477,9.220039292730846,2.9829351535836177,15
1478,9.24557956777996,2.9829351535836177,15
1479,9.271119842829075,2.9829351535836177,15
1480,9.296660117878192,2.9829351535836177,15
1481,9.322200392927309,2.9829351535836177,15
1482,9.347740667976424,2.9829351535836177,15
1483,9.37328094302554,2.9829351535836177,15
1484,9.398821218074657,2.9829351535836177,15
1485,9.424361493123772,2.9829351535836177,15
1486,9.449901768172888,2.9829351535836177,15
1487,9.475442043222005,2.9829351535836177,15
1488,9.50098231827112,2.9829351535836177,15
1489,9.526522593320237,2.9829351535836177,15
1490,9.552062868369353,2.9829351535836177,15
1491,9.577603143418468,2.9829351535836177,15
1492,9.603143418467583,2.9829351535836177,15
1493,9.6286836935167,2.9829351535836177,15
1494,9.654223968565816,2.9829351535836177,15
1495,9.679764243614931,2.9829351535836177,15
1496,9.705304518664049,2.9829351535836177,15
1497,9.730844793713166,2.9829351535836177,15
1498,9.75638506876228,2.9829351535836177,15
1499,9.781925343811395,2.9829351535836177,15
1500,9.807465618860512,2.9829351535836177,15
1501,9.833005893909625,2.9829351535836177,15
1502,9.858546168958743,2.9829351535836177,15
1503,9.884086444007858,2.9829351535836177,15
1504,9.909626719056975,2.9829351535836177,15
1505,9.935166994106089,2.9829351535836177,15
1506,9.449901768172888,2.9802047781569967,15
1507,9.475442043222005,2.9802047781569967,15
1508,9.50098231827112,2.9802047781569967,15
1509,9.526522593320237,2.9802047781569967,15
1510,9.552062868369353,2.9802047781569967,15
1511,9.577603143418468,2.9802047781569967,15
1512,9.603143418467583,2.9802047781569967,15
1513,9.6286836935167,2.9802047781569967,15
1514,9.654223968565816,2.9802047781569967,15
1515,9.679764243614931,2.9802047781569967,15
1516,9.705304518664049,2.9802047781569967,15
1517,9.730844793713166,2.9802047781569967,15
1518,9.75638506876228,2.9802047781569967,15
1519,9.781925343811395,2.9802047781569967,15
1520,9.807465618860512,2.9802047781569967,15
1521,9.833005893909625,2.9802047781569967,15
1522,9.858546168958743,2.9802047781569967,15
1523,9.884086444007858,2.9802047781569967,15
1524,9.909626719056975,2.9802047781569967,15
1525,9.935166994106089,2.9802047781569967,15
1526,9.960707269155206,2.9802047781569967,15
1527,9.986247544204321,2.9802047781569967,15
1528,10.011787819253438,2.9802047781569967,15
1529,10.037328094302554,2.9802047781569967,15
1530,10.062868369351667,2.9802047781569967,15
1531,10.088408644400785,2.9802047781569967,15
1532,10.1139489194499,2.9802047781569967,15
1533,10.139489194499015,2.9802047781569967,15
1534,9.654223968565816,2.9774744027303757,15
1535,9.679764243614931,2.9774744027303757,15
1536,9.705304518664049,2.9774744027303757,15
1537,9.730844793713166,2.9774744027303757,15
1538,9.75638506876228,2.9774744027303757,15
1539,9.781925343811395,2.9774744027303757,15
1540,9.807465618860512,2.9774744027303757,15
1541,9.833005893909625,2.9774744027303757,15
1542,9.858546168958743,2.9774744027303757,15
1543,9.884086444007858,2.9774744027303757,15
1544,9.909626719056975,2.9774744027303757,15
1545,9.935166994106089,2.9774744027303757,15
1546,9.960707269155206,2.9774744027303757,15
1547,9.986247544204321,2.9774744027303757,15
1548,10.011787819253438,2.9774744027303757,15
1549,10.037328094302554,2.9774744027303757,15
1550,10.062868369351667,2.9774744027303757,15
1551,10.088408644400785,2.9774744027303757,15
1552,10.1139489194499,2.9774744027303757,15
1553,10.139489194499015,2.9774744027303757,15
1554,10.165029469548132,2.9774744027303757,15
1555,10.190569744597248,2.9774744027303757,15
1556,10.216110019646363,2.9774744027303757,15
1557,10.24165029469548,2.9774744027303757,15
1558,10.267190569744596,2.9774744027303757,15
1559,10.292730844793711,2.9774744027303757,15
1560,10.318271119842828,2.9774744027303757,15
1561,10.343811394891944,2.9774744027303757,15
1562,9.858546168958743,2.974744027303754,15
1563,9.884086444007858,2.974744027303754,15
1564,9.909626719056975,2.974744027303754,15
1565,9.935166994106089,2.974744027303754,15
1566,9.960707269155206,2.974744027303754,15
1567,9.986247544204321,2.974744027303754,15
1568,10.011787819253438,2.974744027303754,15
1569,10.037328094302554,2.974744027303754,15
1570,10.062868369351667,2.974744027303754,15
1571,10.088408644400785,2.974744027303754,15
1572,10.1139489194499,2.974744027303754,15
1573,10.139489194499015,2.974744027303754,15
1574,10.165029469548132,2.974744027303754,15
1575,10.190569744597248,2.974744027303754,15
1576,10.216110019646363,2.974744027303754,15
1577,10.24165029469548,2.974744027303754,15
1578,10.267190569744596,2.974744027303754,15
1579,10.292730844793711,2.974744027303754,15
1580,10.318271119842828,2.974744027303754,15
1581,10.343811394891944,2.974744027303754,15
1582,10.36935166994106,2.974744027303754,15
1583,10.394891944990176,2.974744027303754,15
1584,10.420432220039292,2.974744027303754,15
1585,10.445972495088409,2.974744027303754,15
1586,10.471512770137524,2.974744027303754,15
1587,10.49705304518664,2.974744027303754,15
1588,10.522593320235757,2.974744027303754,15
1589,10.037328094302554,2.9720136518771327,15
1590,10.062868369351667,2.9720136518771327,15
1591,10.088408644400785,2.9720136518771327,15
1592,10.1139489194499,2.9720136518771327,15
1593,10.139489194499015,2.9720136518771327,15
1594,10.165029469548132,2.9720136518771327,15
1595,10.190569744597248,2.9720136518771327,15
1596,10.216110019646363,2.9720136518771327,15
1597,10.24165029469548,2.9720136518771327,15
1598,10.267190569744596,2.9720136518771327,15
1599,10.292730844793711,2.9720136518771327,15
1600,10.318271119842828,2.9720136518771327,15
1601,10.343811394891944,2.9720136518771327,15
1602,10.36935166994106,2.9720136518771327,15
1603,10.394891944990176,2.9720136518771327,15
1604,10.420432220039292,2.9720136518771327,15
1605,10.445972495088409,2.9720136518771327,15
1606,10.471512770137524,2.9720136518771327,15
1607,10.49705304518664,2.9720136518771327,15
1608,10.522593320235757,2.9720136518771327,15
1609,10.548133595284872,2.9720136518771327,15
1610,10.573673870333987,2.9720136518771327,15
1611,10.599214145383105,2.9720136518771327,15
1612,10.62475442043222,2.9720136518771327,15
1613,10.650294695481335,2.9720136518771327,15
1614,10.675834970530452,2.9720136518771327,15
1615,10.701375245579568,2.9720136518771327,15
1616,10.24165029469548,2.969283276450512,15
1617,10.267190569744596,2.969283276450512,15
1618,10.292730844793711,2.969283276450512,15
1619,10.318271119842828,2.969283276450512,15
1620,10.343811394891944,2.969283276450512,15
1621,10.36935166994106,2.969283276450512,15
1622,10.394891944990176,2.969283276450512,15
1623,10.420432220039292,2.969283276450512,15
1624,10.445972495088409,2.969283276450512,15
1625,10.471512770137524,2.969283276450512,15
1626,10.49705304518664,2.969283276450512,15
1627,10.522593320235757,2.969283276450512,15
1628,10.548133595284872,2.969283276450512,15
1629,10.573673870333987,2.969283276450512,15
1630,10.599214145383105,2.969283276450512,15
1631,10.62475442043222,2.969283276450512,15
1632,10.650294695481335,2.969283276450512,15
1633,10.675834970530452,2.969283276450512,15
1634,10.701375245579568,2.969283276450512,15
1635,10.726915520628683,2.969283276450512,15
1636,10.7524557956778,2.969283276450512,15
1637,10.777996070726916,2.969283276450512,15
1638,10.803536345776031,2.969283276450512,15
1639,10.829076620825148,2.969283276450512,15
1640,10.854616895874264,2.969283276450512,15
1641,10.420432220039292,2.9665529010238907,15
1642,10.445972495088409,2.9665529010238907,15
1643,10.471512770137524,2.9665529010238907,15
1644,10.49705304518664,2.9665529010238907,15
1645,10.522593320235757,2.9665529010238907,15
1646,10.548133595284872,2.9665529010238907,15
1647,10.573673870333987,2.9665529010238907,15
1648,10.599214145383105,2.9665529010238907,15
1649,10.62475442043222,2.9665529010238907,15
1650,10.650294695481335,2.9665529010238907,15
1651,10.675834970530452,2.9665529010238907,15
1652,10.701375245579568,2.9665529010238907,15
1653,10.726915520628683,2.9665529010238907,15
1654,10.7524557956778,2.9665529010238907,15
1655,10.777996070726916,2.9665529010238907,15
1656,10.803536345776031,2.9665529010238907,15
1657,10.829076620825148,2.9665529010238907,15
1658,10.854616895874264,2.9665529010238907,15
1659,10.88015717092338,2.9665529010238907,15
1660,10.905697445972496,2.9665529010238907,15
1661,10.931237721021612,2.9665529010238907,15
1662,10.956777996070725,2.9665529010238907,15
1663,10.982318271119842,2.9665529010238907,15
1664,11.007858546168958,2.9665529010238907,15
1665,11.033398821218073,2.9665529010238907,15
1666,10.62475442043222,2.9638225255972697,15
1667,10.650294695481335,2.9638225255972697,15
1668,10.675834970530452,2.9638225255972697,15
1669,10.701375245579568,2.9638225255972697,15
1670,10.726915520628683,2.9638225255972697,15
1671,10.7524557956778,2.9638225255972697,15
1672,10.777996070726916,2.9638225255972697,15
1673,10.803536345776031,2.9638225255972697,15
1674,10.829076620825148,2.9638225255972697,15
1675,10.854616895874264,2.9638225255972697,15
1676,10.88015717092338,2.9638225255972697,15
1677,10.905697445972496,2.9638225255972697,15
1678,10.931237721021612,2.9638225255972697,15
1679,10.956777996070725,2.9638225255972697,15
1680,10.982318271119842,2.9638225255972697,15
1681,11.007858546168958,2.9638225255972697,15
1682,11.033398821218073,2.9638225255972697,15
1683,11.05893909626719,2.9638225255972697,15
1684,11.084479371316306,2.9638225255972697,15
1685,11.110019646365423,2.9638225255972697,15
1686,11.135559921414538,2.9638225255972697,15
1687,11.161100196463654,2.9638225255972697,15
1688,11.18664047151277,2.9638225255972697,15
1689,10.777996070726916,2.961092150170648,15
1690,10.803536345776031,2.961092150170648,15
1691,10.829076620825148,2.961092150170648,15
1692,10.854616895874264,2.961092150170648,15
1693,10.88015717092338,2.961092150170648,15
1694,10.905697445972496,2.961092150170648,15
1695,10.931237721021612,2.961092150170648,15
1696,10.956777996070725,2.961092150170648,15
1697,10.982318271119842,2.961092150170648,15
1698,11.007858546168958,2.961092150170648,15
1699,11.033398821218073,2.961092150170648,15
1700,11.05893909626719,2.961092150170648,15
1701,11.084479371316306,2.961092150170648,15
1702,11.110019646365423,2.961092150170648,15
1703,11.135559921414538,2.961092150170648,15
1704,11.161100196463654,2.961092150170648,15
1705,11.18664047151277,2.961092150170648,15
1706,11.212180746561886,2.961092150170648,15
1707,11.237721021611,2.961092150170648,15
1708,11.263261296660117,2.961092150170648,15
1709,11.288801571709232,2.961092150170648,15
1710,11.314341846758348,2.961092150170648,15
1711,11.339882121807465,2.961092150170648,15
1712,11.36542239685658,2.961092150170648,15
1713,11.390962671905696,2.961092150170648,15
1714,11.416502946954813,2.961092150170648,15
1715,11.442043222003928,2.961092150170648,15
1716,11.467583497053043,2.961092150170648,15
1717,11.49312377210216,2.961092150170648,15
1718,10.956777996070725,2.9583617747440276,15
1719,10.982318271119842,2.9583617747440276,15
1720,11.007858546168958,2.9583617747440276,15
1721,11.033398821218073,2.9583617747440276,15
1722,11.05893909626719,2.9583617747440276,15
1723,11.084479371316306,2.9583617747440276,15
1724,11.110019646365423,2.9583617747440276,15
1725,11.135559921414538,2.9583617747440276,15
1726,11.161100196463654,2.9583617747440276,15
1727,11.18664047151277,2.9583617747440276,15
1728,11.212180746561886,2.9583617747440276,15
1729,11.237721021611,2.9583617747440276,15
1730,11.263261296660117,2.9583617747440276,15
1731,11.288801571709232,2.9583617747440276,15
1732,11.314341846758348,2.9583617747440276,15
1733,11.339882121807465,2.9583617747440276,15
1734,11.36542239685658,2.9583617747440276,15
1735,11.390962671905696,2.9583617747440276,15
1736,11.416502946954813,2.9583617747440276,15
1737,11.442043222003928,2.9583617747440276,15
1738,11.467583497053043,2.9583617747440276,15
1739,11.49312377210216,2.9583617747440276,15
1740,11.518664047151276,2.9583617747440276,15
1741,11.544204322200391,2.9583617747440276,15
1742,11.569744597249509,2.9583617747440276,15
1743,11.595284872298624,2.9583617747440276,15
1744,11.62082514734774,2.9583617747440276,15
1745,11.646365422396856,2.9583617747440276,15
1746,11.110019646365423,2.955631399317406,15
1747,11.135559921414538,2.955631399317406,15
1748,11.161100196463654,2.955631399317406,15
1749,11.18664047151277,2.955631399317406,15
1750,11.212180746561886,2.955631399317406,15
1751,11.237721021611,2.955631399317406,15
1752,11.263261296660117,2.955631399317406,15
1753,11.288801571709232,2.955631399317406,15
1754,11.314341846758348,2.955631399317406,15
1755,11.339882121807465,2.955631399317406,15
1756,11.36542239685658,2.955631399317406,15
1757,11.390962671905696,2.955631399317406,15
1758,11.416502946954813,2.955631399317406,15
1759,11.442043222003928,2.955631399317406,15
1760,11.467583497053043,2.955631399317406,15
1761,11.49312377210216,2.955631399317406,15
1762,11.518664047151276,2.955631399317406,15
1763,11.544204322200391,2.955631399317406,15
1764,11.569744597249509,2.955631399317406,15
1765,11.595284872298624,2.955631399317406,15
1766,11.62082514734774,2.955631399317406,15
1767,11.646365422396856,2.955631399317406,15
1768,11.671905697445972,2.955631399317406,15
1769,11.697445972495087,2.955631399317406,15
1770,11.722986247544204,2.955631399317406,15
1771,11.74852652259332,2.955631399317406,15
1772,11.774066797642435,2.955631399317406,15
1773,11.314341846758348,2.9529010238907847,15
1774,11.339882121807465,2.9529010238907847,15
1775,11.36542239685658,2.9529010238907847,15
1776,11.390962671905696,2.9529010238907847,15
1777,11.416502946954813,2.9529010238907847,15
1778,11.442043222003928,2.9529010238907847,15
1779,11.467583497053043,2.9529010238907847,15
1780,11.49312377210216,2.9529010238907847,15
1781,11.518664047151276,2.9529010238907847,15
1782,11.544204322200391,2.9529010238907847,15
1783,11.569744597249509,2.9529010238907847,15
1784,11.595284872298624,2.9529010238907847,15
1785,11.62082514734774,2.9529010238907847,15
1786,11.646365422396856,2.9529010238907847,15
1787,11.671905697445972,2.9529010238907847,15
1788,11.697445972495087,2.9529010238907847,15
1789,11.722986247544204,2.9529010238907847,15
1790,11.74852652259332,2.9529010238907847,15
1791,11.774066797642435,2.9529010238907847,15
1792,11.799607072691552,2.9529010238907847,15
1793,11.825147347740668,2.9529010238907847,15
1794,11.850687622789785,2.9529010238907847,15
1795,11.8762278978389,2.9529010238907847,15
1796,11.901768172888016,2.9529010238907847,15
1797,11.927308447937133,2.9529010238907847,15
1798,11.952848722986248,2.9529010238907847,15
1799,11.978388998035363,2.9529010238907847,15
1800,12.00392927308448,2.9529010238907847,15
1801,11.595284872298624,2.950170648464164,15
1802,11.62082514734774,2.950170648464164,15
1803,11.646365422396856,2.950170648464164,15
1804,11.671905697445972,2.950170648464164,15
1805,11.697445972495087,2.950170648464164,15
1806,11.722986247544204,2.950170648464164,15
1807,11.74852652259332,2.950170648464164,15
1808,11.774066797642435,2.950170648464164,15
1809,11.799607072691552,2.950170648464164,15
1810,11.825147347740668,2.950170648464164,15
1811,11.850687622789785,2.950170648464164,15
1812,11.8762278978389,2.950170648464164,15
1813,11.901768172888016,2.950170648464164,15
1814,11.927308447937133,2.950170648464164,15
1815,11.952848722986248,2.950170648464164,15
1816,11.978388998035363,2.950170648464164,15
1817,12.00392927308448,2.950170648464164,15
1818,12.029469548133596,2.950170648464164,15
1819,12.055009823182711,2.950170648464164,15
1820,12.080550098231829,2.950170648464164,15
1821,12.106090373280944,2.950170648464164,15
1822,12.131630648330058,2.950170648464164,15
1823,11.722986247544204,2.9474402730375426,15
1824,11.74852652259332,2.9474402730375426,15
1825,11.774066797642435,2.9474402730375426,15
1826,11.799607072691552,2.9474402730375426,15
1827,11.825147347740668,2.9474402730375426,15
1828,11.850687622789785,2.9474402730375426,15
1829,11.8762278978389,2.9474402730375426,15
1830,11.901768172888016,2.9474402730375426,15
1831,11.927308447937133,2.9474402730375426,15
1832,11.952848722986248,2.9474402730375426,15
1833,11.978388998035363,2.9474402730375426,15
1834,12.00392927308448,2.9474402730375426,15
1835,12.029469548133596,2.9474402730375426,15
1836,12.055009823182711,2.9474402730375426,15
1837,12.080550098231829,2.9474402730375426,15
1838,12.106090373280944,2.9474402730375426,15
1839,12.131630648330058,2.9474402730375426,15
1840,12.157170923379175,2.9474402730375426,15
1841,12.18271119842829,2.9474402730375426,15
1842,12.208251473477405,2.9474402730375426,15
1843,12.233791748526523,2.9474402730375426,15
1844,12.259332023575638,2.9474402730375426,15
1845,12.284872298624753,2.9474402730375426,15
1846,11.901768172888016,2.944709897610921,15
1847,11.927308447937133,2.944709897610921,15
1848,11.952848722986248,2.944709897610921,15
1849,11.978388998035363,2.944709897610921,15
1850,12.00392927308448,2.944709897610921,15
1851,12.029469548133596,2.944709897610921,15
1852,12.055009823182711,2.944709897610921,15
1853,12.080550098231829,2.944709897610921,15
1854,12.106090373280944,2.944709897610921,15
1855,12.131630648330058,2.944709897610921,15
1856,12.157170923379175,2.944709897610921,15
1857,12.18271119842829,2.944709897610921,15
1858,12.208251473477405,2.944709897610921,15
1859,12.233791748526523,2.944709897610921,15
1860,12.259332023575638,2.944709897610921,15
1861,12.284872298624753,2.944709897610921,15
1862,12.31041257367387,2.944709897610921,15
1863,12.335952848722986,2.944709897610921,15
1864,12.361493123772101,2.944709897610921,15
1865,12.387033398821218,2.944709897610921,15
1866,12.412573673870332,2.944709897610921,15
1867,12.438113948919447,2.944709897610921,15
1868,12.055009823182711,2.9419795221843006,15
1869,12.080550098231829,2.9419795221843006,15
1870,12.106090373280944,2.9419795221843006,15
1871,12.131630648330058,2.9419795221843006,15
1872,12.157170923379175,2.9419795221843006,15
1873,12.18271119842829,2.9419795221843006,15
1874,12.208251473477405,2.9419795221843006,15
1875,12.233791748526523,2.9419795221843006,15
1876,12.259332023575638,2.9419795221843006,15
1877,12.284872298624753,2.9419795221843006,15
1878,12.31041257367387,2.9419795221843006,15
1879,12.335952848722986,2.9419795221843006,15
1880,12.361493123772101,2.9419795221843006,15
1881,12.387033398821218,2.9419795221843006,15
1882,12.412573673870332,2.9419795221843006,15
1883,12.438113948919447,2.9419795221843006,15
1884,12.463654223968565,2.9419795221843006,15
1885,12.48919449901768,2.9419795221843006,15
1886,12.514734774066795,2.9419795221843006,15
1887,12.540275049115913,2.9419795221843006,15
1888,12.565815324165028,2.9419795221843006,15
1889,12.591355599214143,2.9419795221843006,15
1890,12.208251473477405,2.939249146757679,15
1891,12.233791748526523,2.939249146757679,15
1892,12.259332023575638,2.939249146757679,15
1893,12.284872298624753,2.939249146757679,15
1894,12.31041257367387,2.939249146757679,15
1895,12.335952848722986,2.939249146757679,15
1896,12.361493123772101,2.939249146757679,15
1897,12.387033398821218,2.939249146757679,15
1898,12.412573673870332,2.939249146757679,15
1899,12.438113948919447,2.939249146757679,15
1900,12.463654223968565,2.939249146757679,15
1901,12.48919449901768,2.939249146757679,15
1902,12.514734774066795,2.939249146757679,15
1903,12.540275049115913,2.939249146757679,15
1904,12.565815324165028,2.939249146757679,15
1905,12.591355599214143,2.939249146757679,15
1906,12.61689587426326,2.939249146757679,15
1907,12.642436149312376,2.939249146757679,15
1908,12.667976424361491,2.939249146757679,15
1909,12.693516699410608,2.939249146757679,15
1910,12.719056974459724,2.939249146757679,15
1911,12.361493123772101,2.936518771331058,15
1912,12.387033398821218,2.936518771331058,15
1913,12.412573673870332,2.936518771331058,15
1914,12.438113948919447,2.936518771331058,15
1915,12.463654223968565,2.936518771331058,15
1916,12.48919449901768,2.936518771331058,15
1917,12.514734774066795,2.936518771331058,15
1918,12.540275049115913,2.936518771331058,15
1919,12.565815324165028,2.936518771331058,15
1920,12.591355599214143,2.936518771331058,15
1921,12.61689587426326,2.936518771331058,15
1922,12.642436149312376,2.936518771331058,15
1923,12.667976424361491,2.936518771331058,15
1924,12.693516699410608,2.936518771331058,15
1925,12.719056974459724,2.936518771331058,15
1926,12.74459724950884,2.936518771331058,15
1927,12.770137524557956,2.936518771331058,15
1928,12.795677799607072,2.936518771331058,15
1929,12.821218074656189,2.936518771331058,15
1930,12.846758349705304,2.936518771331058,15
1931,12.514734774066795,2.9337883959044366,15
1932,12.540275049115913,2.9337883959044366,15
1933,12.565815324165028,2.9337883959044366,15
1934,12.591355599214143,2.9337883959044366,15
1935,12.61689587426326,2.9337883959044366,15
1936,12.642436149312376,2.9337883959044366,15
1937,12.667976424361491,2.9337883959044366,15
1938,12.693516699410608,2.9337883959044366,15
1939,12.719056974459724,2.9337883959044366,15
1940,12.74459724950884,2.9337883959044366,15
1941,12.770137524557956,2.9337883959044366,15
1942,12.795677799607072,2.9337883959044366,15
1943,12.821218074656189,2.9337883959044366,15
1944,12.846758349705304,2.9337883959044366,15
1945,12.87229862475442,2.9337883959044366,15
1946,12.897838899803537,2.9337883959044366,15
1947,12.923379174852652,2.9337883959044366,15
1948,12.948919449901767,2.9337883959044366,15
1949,12.974459724950885,2.9337883959044366,15
1950,12.642436149312376,2.931058020477816,15
1951,12.667976424361491,2.931058020477816,15
1952,12.693516699410608,2.931058020477816,15
1953,12.719056974459724,2.931058020477816,15
1954,12.74459724950884,2.931058020477816,15
1955,12.770137524557956,2.931058020477816,15
1956,12.795677799607072,2.931058020477816,15
1957,12.821218074656189,2.931058020477816,15
1958,12.846758349705304,2.931058020477816,15
1959,12.87229862475442,2.931058020477816,15
1960,12.897838899803537,2.931058020477816,15
1961,12.923379174852652,2.931058020477816,15
1962,12.948919449901767,2.931058020477816,15
1963,12.974459724950885,2.931058020477816,15
1964,13.0,2.931058020477816,15
1965,13.025540275049115,2.931058020477816,15
1966,13.051080550098233,2.931058020477816,15
1967,13.076620825147348,2.931058020477816,15
1968,13.102161100196463,2.931058020477816,15
1969,13.12770137524558,2.931058020477816,15
1970,13.153241650294696,2.931058020477816,15
1971,13.178781925343811,2.931058020477816,15
1972,13.204322200392928,2.931058020477816,15
1973,12.770137524557956,2.9283276450511946,15
1974,12.795677799607072,2.9283276450511946,15
1975,12.821218074656189,2.9283276450511946,15
1976,12.846758349705304,2.9283276450511946,15
1977,12.87229862475442,2.9283276450511946,15
1978,12.897838899803537,2.9283276450511946,15
1979,12.923379174852652,2.9283276450511946,15
1980,12.948919449901767,2.9283276450511946,15
1981,12.974459724950885,2.9283276450511946,15
1982,13.0,2.9283276450511946,15
1983,13.025540275049115,2.9283276450511946,15
1984,13.051080550098233,2.9283276450511946,15
1985,13.076620825147348,2.9283276450511946,15
1986,13.102161100196463,2.9283276450511946,15
1987,13.12770137524558,2.9283276450511946,15
1988,13.153241650294696,2.9283276450511946,15
1989,13.178781925343811,2.9283276450511946,15
1990,13.204322200392928,2.9283276450511946,15
1991,13.229862475442044,2.9283276450511946,15
1992,13.25540275049116,2.9283276450511946,15
1993,13.280943025540276,2.9283276450511946,15
1994,13.30648330058939,2.9283276450511946,15
1995,13.332023575638505,2.9283276450511946,15
1996,13.357563850687622,2.9283276450511946,15
1997,12.897838899803537,2.925597269624573,15
1998,12.923379174852652,2.925597269624573,15
1999,12.948919449901767,2.925597269624573,15
2000,12.974459724950885,2.925597269624573,15
2001,13.0,2.925597269624573,15
2002,13.025540275049115,2.925597269624573,15
2003,13.051080550098233,2.925597269624573,15
2004,13.076620825147348,2.925597269624573,15
2005,13.102161100196463,2.925597269624573,15
2006,13.12770137524558,2.925597269624573,15
2007,13.153241650294696,2.925597269624573,15
2008,13.178781925343811,2.925597269624573,15
2009,13.204322200392928,2.925597269624573,15
2010,13.229862475442044,2.925597269624573,15
2011,13.25540275049116,2.925597269624573,15
2012,13.280943025540276,2.925597269624573,15
2013,13.30648330058939,2.925597269624573,15
2014,13.332023575638505,2.925597269624573,15
2015,13.357563850687622,2.925597269624573,15
2016,13.383104125736738,2.925597269624573,15
2017,13.408644400785853,2.925597269624573,15
2018,13.43418467583497,2.925597269624573,15
2019,13.459724950884086,2.925597269624573,15
2020,13.485265225933203,2.925597269624573,15
2021,13.051080550098233,2.922866894197952,15
2022,13.076620825147348,2.922866894197952,15
2023,13.102161100196463,2.922866894197952,15
2024,13.12770137524558,2.922866894197952,15
2025,13.153241650294696,2.922866894197952,15
2026,13.178781925343811,2.922866894197952,15
2027,13.204322200392928,2.922866894197952,15
2028,13.229862475442044,2.922866894197952,15
2029,13.25540275049116,2.922866894197952,15
2030,13.280943025540276,2.922866894197952,15
2031,13.30648330058939,2.922866894197952,15
2032,13.332023575638505,2.922866894197952,15
2033,13.357563850687622,2.922866894197952,15
2034,13.383104125736738,2.922866894197952,15
2035,13.408644400785853,2.922866894197952,15
2036,13.43418467583497,2.922866894197952,15
2037,13.459724950884086,2.922866894197952,15
2038,13.485265225933203,2.922866894197952,15
2039,13.510805500982318,2.922866894197952,15
2040,13.536345776031434,2.922866894197952,15
2041,13.56188605108055,2.922866894197952,15
2042,13.587426326129666,2.922866894197952,15
2043,13.61296660117878,2.922866894197952,15
2044,13.30648330058939,2.920136518771331,15
2045,13.332023575638505,2.920136518771331,15
2046,13.357563850687622,2.920136518771331,15
2047,13.383104125736738,2.920136518771331,15
2048,13.408644400785853,2.920136518771331,15
2049,13.43418467583497,2.920136518771331,15
2050,13.459724950884086,2.920136518771331,15
2051,13.485265225933203,2.920136518771331,15
2052,13.510805500982318,2.920136518771331,15
2053,13.536345776031434,2.920136518771331,15
2054,13.56188605108055,2.920136518771331,15
2055,13.587426326129666,2.920136518771331,15
2056,13.61296660117878,2.920136518771331,15
2057,13.638506876227895,2.920136518771331,15
2058,13.664047151277012,2.920136518771331,15
2059,13.689587426326128,2.920136518771331,15
2060,13.715127701375245,2.920136518771331,15
2061,13.74066797642436,2.920136518771331,15
2062,13.43418467583497,2.9174061433447096,15
2063,13.459724950884086,2.9174061433447096,15
2064,13.485265225933203,2.9174061433447096,15
2065,13.510805500982318,2.9174061433447096,15
2066,13.536345776031434,2.9174061433447096,15
2067,13.56188605108055,2.9174061433447096,15
2068,13.587426326129666,2.9174061433447096,15
2069,13.61296660117878,2.9174061433447096,15
2070,13.638506876227895,2.9174061433447096,15
2071,13.664047151277012,2.9174061433447096,15
2072,13.689587426326128,2.9174061433447096,15
2073,13.715127701375245,2.9174061433447096,15
2074,13.74066797642436,2.9174061433447096,15
2075,13.766208251473476,2.9174061433447096,15
2076,13.791748526522593,2.9174061433447096,15
2077,13.817288801571708,2.9174061433447096,15
2078,13.842829076620824,2.9174061433447096,15
2079,13.536345776031434,2.9146757679180886,15
2080,13.56188605108055,2.9146757679180886,15
2081,13.587426326129666,2.9146757679180886,15
2082,13.61296660117878,2.9146757679180886,15
2083,13.638506876227895,2.9146757679180886,15
2084,13.664047151277012,2.9146757679180886,15
2085,13.689587426326128,2.9146757679180886,15
2086,13.715127701375245,2.9146757679180886,15
2087,13.74066797642436,2.9146757679180886,15
2088,13.766208251473476,2.9146757679180886,15
2089,13.791748526522593,2.9146757679180886,15
2090,13.817288801571708,2.9146757679180886,15
2091,13.842829076620824,2.9146757679180886,15
2092,13.86836935166994,2.9146757679180886,15
2093,13.893909626719056,2.9146757679180886,15
2094,13.919449901768171,2.9146757679180886,15
2095,13.944990176817289,2.9146757679180886,15
2096,13.689587426326128,2.911945392491468,15
2097,13.715127701375245,2.911945392491468,15
2098,13.74066797642436,2.911945392491468,15
2099,13.766208251473476,2.911945392491468,15
2100,13.791748526522593,2.911945392491468,15
2101,13.817288801571708,2.911945392491468,15
2102,13.842829076620824,2.911945392491468,15
2103,13.86836935166994,2.911945392491468,15
2104,13.893909626719056,2.911945392491468,15
2105,13.919449901768171,2.911945392491468,15
2106,13.944990176817289,2.911945392491468,15
2107,13.970530451866404,2.911945392491468,15
2108,13.99607072691552,2.911945392491468,15
2109,14.021611001964637,2.911945392491468,15
2110,14.047151277013752,2.911945392491468,15
2111,13.791748526522593,2.9092150170648465,15
2112,13.817288801571708,2.9092150170648465,15
2113,13.842829076620824,2.9092150170648465,15
2114,13.86836935166994,2.9092150170648465,15
2115,13.893909626719056,2.9092150170648465,15
2116,13.919449901768171,2.9092150170648465,15
2117,13.944990176817289,2.9092150170648465,15
2118,13.970530451866404,2.9092150170648465,15
2119,13.99607072691552,2.9092150170648465,15
2120,14.021611001964637,2.9092150170648465,15
2121,14.047151277013752,2.9092150170648465,15
2122,14.072691552062867,2.9092150170648465,15
2123,14.098231827111984,2.9092150170648465,15
2124,14.1237721021611,2.9092150170648465,15
2125,14.149312377210215,2.9092150170648465,15
2126,14.174852652259332,2.9092150170648465,15
2127,13.893909626719056,2.906484641638225,15
2128,13.919449901768171,2.906484641638225,15
2129,13.944990176817289,2.906484641638225,15
2130,13.970530451866404,2.906484641638225,15
2131,13.99607072691552,2.906484641638225,15
2132,14.021611001964637,2.906484641638225,15
2133,14.047151277013752,2.906484641638225,15
2134,14.072691552062867,2.906484641638225,15
2135,14.098231827111984,2.906484641638225,15
2136,14.1237721021611,2.906484641638225,15
2137,14.149312377210215,2.906484641638225,15
2138,14.174852652259332,2.906484641638225,15
2139,14.200392927308448,2.906484641638225,15
2140,14.225933202357565,2.906484641638225,15
2141,14.25147347740668,2.906484641638225,15
2142,14.277013752455796,2.906484641638225,15
2143,13.99607072691552,2.903754266211604,15
2144,14.021611001964637,2.903754266211604,15
2145,14.047151277013752,2.903754266211604,15
2146,14.072691552062867,2.903754266211604,15
2147,14.098231827111984,2.903754266211604,15
2148,14.1237721021611,2.903754266211604,15
2149,14.149312377210215,2.903754266211604,15
2150,14.174852652259332,2.903754266211604,15
2151,14.200392927308448,2.903754266211604,15
2152,14.225933202357565,2.903754266211604,15
2153,14.25147347740668,2.903754266211604,15
2154,14.277013752455796,2.903754266211604,15
2155,14.302554027504913,2.903754266211604,15
2156,14.328094302554028,2.903754266211604,15
2157,14.353634577603144,2.903754266211604,15
2158,14.37917485265226,2.903754266211604,15
2159,14.1237721021611,2.901023890784983,15
2160,14.149312377210215,2.901023890784983,15
2161,14.174852652259332,2.901023890784983,15
2162,14.200392927308448,2.901023890784983,15
2163,14.225933202357565,2.901023890784983,15
2164,14.25147347740668,2.901023890784983,15
2165,14.277013752455796,2.901023890784983,15
2166,14.302554027504913,2.901023890784983,15
2167,14.328094302554028,2.901023890784983,15
2168,14.353634577603144,2.901023890784983,15
2169,14.37917485265226,2.901023890784983,15
2170,14.404715127701376,2.901023890784983,15
2171,14.430255402750491,2.901023890784983,15
2172,14.455795677799609,2.901023890784983,15
2173,14.481335952848722,2.901023890784983,15
2174,14.506876227897838,2.901023890784983,15
2175,14.532416502946955,2.901023890784983,15
2176,14.225933202357565,2.8982935153583615,15
2177,14.25147347740668,2.8982935153583615,15
2178,14.277013752455796,2.8982935153583615,15
2179,14.302554027504913,2.8982935153583615,15
2180,14.328094302554028,2.8982935153583615,15
2181,14.353634577603144,2.8982935153583615,15
2182,14.37917485265226,2.8982935153583615,15
2183,14.404715127701376,2.8982935153583615,15
2184,14.430255402750491,2.8982935153583615,15
2185,14.455795677799609,2.8982935153583615,15
2186,14.481335952848722,2.8982935153583615,15
2187,14.506876227897838,2.8982935153583615,15
2188,14.532416502946955,2.8982935153583615,15
2189,14.55795677799607,2.8982935153583615,15
2190,14.583497053045186,2.8982935153583615,15
2191,14.609037328094303,2.8982935153583615,15
2192,14.328094302554028,2.895563139931741,15
2193,14.353634577603144,2.895563139931741,15
2194,14.37917485265226,2.895563139931741,15
2195,14.404715127701376,2.895563139931741,15
2196,14.430255402750491,2.895563139931741,15
2197,14.455795677799609,2.895563139931741,15
2198,14.481335952848722,2.895563139931741,15
2199,14.506876227897838,2.895563139931741,15
2200,14.532416502946955,2.895563139931741,15
2201,14.55795677799607,2.895563139931741,15
2202,14.583497053045186,2.895563139931741,15
2203,14.609037328094303,2.895563139931741,15
2204,14.634577603143418,2.895563139931741,15
2205,14.660117878192533,2.895563139931741,15
2206,14.68565815324165,2.895563139931741,15
2207,14.711198428290766,2.895563139931741,15
2208,14.736738703339881,2.895563139931741,15
2209,14.455795677799609,2.8928327645051195,15
2210,14.481335952848722,2.8928327645051195,15
2211,14.506876227897838,2.8928327645051195,15
2212,14.532416502946955,2.8928327645051195,15
2213,14.55795677799607,2.8928327645051195,15
2214,14.583497053045186,2.8928327645051195,15
2215,14.609037328094303,2.8928327645051195,15
2216,14.634577603143418,2.8928327645051195,15
2217,14.660117878192533,2.8928327645051195,15
2218,14.68565815324165,2.8928327645051195,15
2219,14.711198428290766,2.8928327645051195,15
2220,14.736738703339881,2.8928327645051195,15
2221,14.762278978388998,2.8928327645051195,15
2222,14.787819253438112,2.8928327645051195,15
2223,14.813359528487227,2.8928327645051195,15
2224,14.838899803536345,2.8928327645051195,15
2225,14.86444007858546,2.8928327645051195,15
2226,14.583497053045186,2.8901023890784985,15
2227,14.609037328094303,2.8901023890784985,15
2228,14.634577603143418,2.8901023890784985,15
2229,14.660117878192533,2.8901023890784985,15
2230,14.68565815324165,2.8901023890784985,15
2231,14.711198428290766,2.8901023890784985,15
2232,14.736738703339881,2.8901023890784985,15
2233,14.762278978388998,2.8901023890784985,15
2234,14.787819253438112,2.8901023890784985,15
2235,14.813359528487227,2.8901023890784985,15
2236,14.838899803536345,2.8901023890784985,15
2237,14.86444007858546,2.8901023890784985,15
2238,14.889980353634575,2.8901023890784985,15
2239,14.915520628683693,2.8901023890784985,15
2240,14.941060903732808,2.8901023890784985,15
2241,14.660117878192533,2.887372013651877,15
2242,14.68565815324165,2.887372013651877,15
2243,14.711198428290766,2.887372013651877,15
2244,14.736738703339881,2.887372013651877,15
2245,14.762278978388998,2.887372013651877,15
2246,14.787819253438112,2.887372013651877,15
2247,14.813359528487227,2.887372013651877,15
2248,14.838899803536345,2.887372013651877,15
2249,14.86444007858546,2.887372013651877,15
2250,14.889980353634575,2.887372013651877,15
2251,14.915520628683693,2.887372013651877,15
2252,14.941060903732808,2.887372013651877,15
2253,14.966601178781923,2.887372013651877,15
2254,14.99214145383104,2.887372013651877,15
2255,15.017681728880156,2.887372013651877,15
2256,15.043222003929271,2.887372013651877,15
2257,14.813359528487227,2.884641638225256,15
2258,14.838899803536345,2.884641638225256,15
2259,14.86444007858546,2.884641638225256,15
2260,14.889980353634575,2.884641638225256,15
2261,14.915520628683693,2.884641638225256,15
2262,14.941060903732808,2.884641638225256,15
2263,14.966601178781923,2.884641638225256,15
2264,14.99214145383104,2.884641638225256,15
2265,15.017681728880156,2.884641638225256,15
2266,15.043222003929271,2.884641638225256,15
2267,15.068762278978388,2.884641638225256,15
2268,15.094302554027504,2.884641638225256,15
2269,15.11984282907662,2.884641638225256,15
2270,14.889980353634575,2.881911262798635,15
2271,14.915520628683693,2.881911262798635,15
2272,14.941060903732808,2.881911262798635,15
2273,14.966601178781923,2.881911262798635,15
2274,14.99214145383104,2.881911262798635,15
2275,15.017681728880156,2.881911262798635,15
2276,15.043222003929271,2.881911262798635,15
2277,15.068762278978388,2.881911262798635,15
2278,15.094302554027504,2.881911262798635,15
2279,15.11984282907662,2.881911262798635,15
2280,15.145383104125736,2.881911262798635,15
2281,15.170923379174852,2.881911262798635,15
2282,15.196463654223969,2.881911262798635,15
2283,15.222003929273084,2.881911262798635,15
2284,14.99214145383104,2.8791808873720135,15
2285,15.017681728880156,2.8791808873720135,15
2286,15.043222003929271,2.8791808873720135,15
2287,15.068762278978388,2.8791808873720135,15
2288,15.094302554027504,2.8791808873720135,15
2289,15.11984282907662,2.8791808873720135,15
2290,15.145383104125736,2.8791808873720135,15
2291,15.170923379174852,2.8791808873720135,15
2292,15.196463654223969,2.8791808873720135,15
2293,15.222003929273084,2.8791808873720135,15
2294,15.2475442043222,2.8791808873720135,15
2295,15.273084479371317,2.8791808873720135,15
2296,15.298624754420432,2.8791808873720135,15
2297,15.068762278978388,2.8764505119453925,15
2298,15.094302554027504,2.8764505119453925,15
2299,15.11984282907662,2.8764505119453925,15
2300,15.145383104125736,2.8764505119453925,15
2301,15.170923379174852,2.8764505119453925,15
2302,15.196463654223969,2.8764505119453925,15
2303,15.222003929273084,2.8764505119453925,15
2304,15.2475442043222,2.8764505119453925,15
2305,15.273084479371317,2.8764505119453925,15
2306,15.298624754420432,2.8764505119453925,15
2307,15.324165029469548,2.8764505119453925,15
2308,15.349705304518665,2.8764505119453925,15
2309,15.37524557956778,2.8764505119453925,15
2310,15.400785854616895,2.8764505119453925,15
2311,15.170923379174852,2.8737201365187715,15
2312,15.196463654223969,2.8737201365187715,15
2313,15.222003929273084,2.8737201365187715,15
2314,15.2475442043222,2.8737201365187715,15
2315,15.273084479371317,2.8737201365187715,15
2316,15.298624754420432,2.8737201365187715,15
2317,15.324165029469548,2.8737201365187715,15
2318,15.349705304518665,2.8737201365187715,15
2319,15.37524557956778,2.8737201365187715,15
2320,15.400785854616895,2.8737201365187715,15
2321,15.426326129666013,2.8737201365187715,15
2322,15.451866404715128,2.8737201365187715,15
2323,15.477406679764243,2.8737201365187715,15
2324,15.2475442043222,2.8709897610921504,15
2325,15.273084479371317,2.8709897610921504,15
2326,15.298624754420432,2.8709897610921504,15
2327,15.324165029469548,2.8709897610921504,15
2328,15.349705304518665,2.8709897610921504,15
2329,15.37524557956778,2.8709897610921504,15
2330,15.400785854616895,2.8709897610921504,15
2331,15.426326129666013,2.8709897610921504,15
2332,15.451866404715128,2.8709897610921504,15
2333,15.477406679764243,2.8709897610921504,15
2334,15.50294695481336,2.8709897610921504,15
2335,15.528487229862476,2.8709897610921504,15
2336,15.554027504911591,2.8709897610921504,15
2337,15.349705304518665,2.868259385665529,15
2338,15.37524557956778,2.868259385665529,15
2339,15.400785854616895,2.868259385665529,15
2340,15.426326129666013,2.868259385665529,15
2341,15.451866404715128,2.868259385665529,15
2342,15.477406679764243,2.868259385665529,15
2343,15.50294695481336,2.868259385665529,15
2344,15.528487229862476,2.868259385665529,15
2345,15.554027504911591,2.868259385665529,15
2346,15.579567779960708,2.868259385665529,15
2347,15.605108055009824,2.868259385665529,15
2348,15.63064833005894,2.868259385665529,15
2349,15.426326129666013,2.865529010238908,15
2350,15.451866404715128,2.865529010238908,15
2351,15.477406679764243,2.865529010238908,15
2352,15.50294695481336,2.865529010238908,15
2353,15.528487229862476,2.865529010238908,15
2354,15.554027504911591,2.865529010238908,15
2355,15.579567779960708,2.865529010238908,15
2356,15.605108055009824,2.865529010238908,15
2357,15.63064833005894,2.865529010238908,15
2358,15.656188605108056,2.865529010238908,15
2359,15.68172888015717,2.865529010238908,15
2360,15.707269155206285,2.865529010238908,15
2361,15.732809430255402,2.865529010238908,15
2362,15.758349705304518,2.865529010238908,15
2363,15.528487229862476,2.862798634812287,15
2364,15.554027504911591,2.862798634812287,15
2365,15.579567779960708,2.862798634812287,15
2366,15.605108055009824,2.862798634812287,15
2367,15.63064833005894,2.862798634812287,15
2368,15.656188605108056,2.862798634812287,15
2369,15.68172888015717,2.862798634812287,15
2370,15.707269155206285,2.862798634812287,15
2371,15.732809430255402,2.862798634812287,15
2372,15.758349705304518,2.862798634812287,15
2373,15.783889980353633,2.862798634812287,15
2374,15.80943025540275,2.862798634812287,15
2375,15.834970530451866,2.862798634812287,15
2376,15.605108055009824,2.860068259385665,15
2377,15.63064833005894,2.860068259385665,15
2378,15.656188605108056,2.860068259385665,15
2379,15.68172888015717,2.860068259385665,15
2380,15.707269155206285,2.860068259385665,15
2381,15.732809430255402,2.860068259385665,15
2382,15.758349705304518,2.860068259385665,15
2383,15.783889980353633,2.860068259385665,15
2384,15.80943025540275,2.860068259385665,15
2385,15.834970530451866,2.860068259385665,15
2386,15.860510805500981,2.860068259385665,15
2387,15.886051080550098,2.860068259385665,15
2388,15.911591355599214,2.860068259385665,15
2389,15.68172888015717,2.8573378839590444,15
2390,15.707269155206285,2.8573378839590444,15
2391,15.732809430255402,2.8573378839590444,15
2392,15.758349705304518,2.8573378839590444,15
2393,15.783889980353633,2.8573378839590444,15
2394,15.80943025540275,2.8573378839590444,15
2395,15.834970530451866,2.8573378839590444,15
2396,15.860510805500981,2.8573378839590444,15
2397,15.886051080550098,2.8573378839590444,15
2398,15.911591355599214,2.8573378839590444,15
2399,15.93713163064833,2.8573378839590444,15
2400,15.962671905697444,2.8573378839590444,15
2401,15.98821218074656,2.8573378839590444,15
2402,15.80943025540275,2.8546075085324234,15
2403,15.834970530451866,2.8546075085324234,15
2404,15.860510805500981,2.8546075085324234,15
2405,15.886051080550098,2.8546075085324234,15
2406,15.911591355599214,2.8546075085324234,15
2407,15.93713163064833,2.8546075085324234,15
2408,15.962671905697444,2.8546075085324234,15
2409,15.98821218074656,2.8546075085324234,15
2413,15.886051080550098,2.851877133105802,15
2414,15.911591355599214,2.851877133105802,15
2415,15.93713163064833,2.851877133105802,15
2416,15.962671905697444,2.851877133105802,15
2417,15.98821218074656,2.851877133105802,15
2424,15.962671905697444,2.849146757679181,15
2425,15.98821218074656,2.849146757679181,15
